date,RL Agent,QQQ
2023-06-29 19:00:00,-0.00023165850596808336,0.0
2023-06-30 16:00:00,0.0077612068379182,0.015420016842055073
2023-06-30 19:00:00,-0.0020512599077837828,0.0
2023-07-05 16:00:00,-0.00018909984904492275,0.002328034803378287
2023-07-05 19:00:00,-0.00023898615345839194,0.0
2023-07-06 16:00:00,-0.00657459559648528,-0.007615989998387085
2023-07-06 19:00:00,0.0014479198089546255,0.0
2023-07-07 16:00:00,0.004470207733697046,-0.003319863135415657
2023-07-07 19:00:00,-0.005001565834885643,0.0
2023-07-10 16:00:00,0.0059320946190444855,0.0003274166857329952
2023-07-10 19:00:00,0.001607624993265696,0.0
2023-07-11 16:00:00,2.8849462324046462e-05,0.004940505089912284
2023-07-11 19:00:00,0.0016293731396081464,0.0
2023-07-12 16:00:00,0.0003915448596734915,0.012630040362953565
2023-07-12 19:00:00,0.0018114831927066343,0.0
2023-07-13 16:00:00,0.007111316113668883,0.016978768894680085
2023-07-13 19:00:00,0.001450441760083752,0.0
2023-07-14 16:00:00,0.0008907436781341185,-0.0002109544340057612
2023-07-14 19:00:00,-0.001694014409636536,0.0
2023-07-17 16:00:00,0.007629599745386014,0.009338542005460804
2023-07-17 19:00:00,0.0009068730035755179,0.0
2023-07-18 16:00:00,9.56822807704978e-06,0.008180755651387095
2023-07-18 19:00:00,0.0030828517535797977,0.0
2023-07-19 16:00:00,-0.0030170462039630073,-0.00023353027344963362
2023-07-19 19:00:00,-0.0006901730997350128,0.0
2023-07-20 16:00:00,-0.01418411416220364,-0.02305180177195132
2023-07-20 19:00:00,-0.0033701663154472603,0.0
2023-07-21 16:00:00,0.0023615286368040287,-0.0029992295142338143
2023-07-21 19:00:00,-0.0015319003652532052,0.0
2023-07-24 16:00:00,0.0003800451390232309,0.001597314328187549
2023-07-24 19:00:00,0.0009878968332747225,0.0
2023-07-25 16:00:00,0.009493880106360325,0.006777821434182041
2023-07-25 19:00:00,-0.0017963719017734523,0.0
2023-07-26 16:00:00,-0.005505790260333714,-0.0033266362258638216
2023-07-26 19:00:00,0.0022423100653013164,0.0
2023-07-27 16:00:00,0.011321122680704638,-0.0023838536012582567
2023-07-27 19:00:00,-0.010971087069373149,0.0
2023-07-28 16:00:00,0.011258822562046814,0.018214601851070267
2023-07-28 19:00:00,0.0008239923276602123,0.0
2023-07-31 16:00:00,0.002308455823394391,0.0005216735234934156
2023-07-31 19:00:00,0.0015515273781355982,0.0
2023-08-01 16:00:00,0.00012923134930613276,-0.0023196635385804854
2023-08-01 19:00:00,0.00018259279113516734,0.0
2023-08-02 16:00:00,-0.019809039158543686,-0.021944196206930777
2023-08-02 19:00:00,-4.793640339550723e-05,0.0
2023-08-03 16:00:00,0.004108878317457368,-0.0016026874180350426
2023-08-03 19:00:00,-0.00293439097944626,0.0
2023-08-04 16:00:00,0.006460851130653909,-0.00468160821044572
2023-08-04 19:00:00,-0.006946747540849096,0.0
2023-08-07 16:00:00,0.002608994336800575,0.008466714942745313
2023-08-07 19:00:00,0.0026309008836201547,0.0
2023-08-08 16:00:00,-0.011768578577303328,-0.008502552268350283
2023-08-08 19:00:00,0.003195313298862029,0.0
2023-08-09 16:00:00,-0.006481157765643641,-0.010994359633448747
2023-08-09 19:00:00,-0.0005235596098424396,0.0
2023-08-10 16:00:00,0.0010726537325844777,0.001848062161708297
2023-08-10 19:00:00,8.741474961664972e-05,0.0
2023-08-11 16:00:00,-0.00709537258011843,-0.006375394853595284
2023-08-11 19:00:00,0.0011324624778487208,0.0
2023-08-14 16:00:00,0.0043984026139960814,0.011221993334097347
2023-08-14 19:00:00,0.0017384407696993316,0.0
2023-08-15 16:00:00,-0.004526020847675316,-0.010611573839756638
2023-08-15 19:00:00,-0.0016511549005906827,0.0
2023-08-16 16:00:00,-0.0033619468837752116,-0.010588854328772879
2023-08-16 19:00:00,-0.0030456301979880965,0.0
2023-08-17 16:00:00,-0.0002413752789282615,-0.010923053892317847
2023-08-17 19:00:00,-0.006514801587880212,0.0
2023-08-18 16:00:00,-0.0019118153435205348,-0.0012548836666861352
2023-08-18 19:00:00,0.0008942653351988701,0.0
2023-08-21 16:00:00,0.004389321149858887,0.016111340761552073
2023-08-21 19:00:00,0.002844761714754542,0.0
2023-08-22 16:00:00,-0.0005515900444929752,-0.0014288373860473769
2023-08-22 19:00:00,-0.000141448409546215,0.0
2023-08-23 16:00:00,0.00662504386016209,0.015768599674285788
2023-08-23 19:00:00,-2.4230809973108594e-05,0.0
2023-08-24 16:00:00,-0.0053623713663397314,-0.021375683542329993
2023-08-24 19:00:00,-0.004455369368155596,0.0
2023-08-25 16:00:00,0.0013825750901007708,0.007751440724478531
2023-08-25 19:00:00,0.002386356780683064,0.0
2023-08-29 19:00:00,0.0021606911252320463,0.0
2023-08-30 16:00:00,0.005011350240362081,0.005576606866945832
2023-08-30 19:00:00,-0.0008261281996266084,0.0
2023-08-31 16:00:00,0.0004837263992503199,0.0029985983525464555
2023-08-31 19:00:00,0.0006709856538589852,0.0
2023-09-01 16:00:00,0.0008179223187639751,-0.0010583368654937253
2023-09-01 19:00:00,-0.00012741612003951155,0.0
2023-09-05 16:00:00,-0.0021405106159705246,0.0012712841233055716
2023-09-05 19:00:00,-0.003982685149213315,0.0
2023-09-06 16:00:00,-0.006695959134898814,-0.008807885063728649
2023-09-06 19:00:00,0.004644859701018851,0.0
2023-09-07 16:00:00,-0.006312891841777672,-0.007151543888328948
2023-09-07 19:00:00,-2.372123195157947e-05,0.0
2023-09-08 16:00:00,0.0017772361968734546,0.0013974166774486374
2023-09-08 19:00:00,-0.002271515664868535,0.0
2023-09-11 16:00:00,0.003605558865601235,0.011782730235780914
2023-09-11 19:00:00,0.0036445515264911547,0.0
2023-09-12 16:00:00,-0.002372837774901261,-0.011088371619086823
2023-09-12 19:00:00,-0.004048526689392218,0.0
2023-09-13 16:00:00,-0.0015972496843360126,0.003809112920421187
2023-09-13 19:00:00,-0.0022872937095611886,0.0
2023-09-14 16:00:00,0.007956733115760256,0.00817739002650475
2023-09-14 19:00:00,-0.0011879101402806564,0.0
2023-09-15 16:00:00,-0.011316021790300801,-0.017123026159458266
2023-09-15 19:00:00,-0.0017026892421255137,0.0
2023-09-18 16:00:00,0.005157792813450672,0.0010424061654841221
2023-09-18 19:00:00,-0.001227661937034465,0.0
2023-09-19 16:00:00,-0.0103163598206314,-0.0021312941985469624
2023-09-19 19:00:00,0.0032969067651400013,0.0
2023-09-20 16:00:00,0.001848732197665467,-0.014410585782551166
2023-09-20 19:00:00,-0.013798614049817932,0.0
2023-09-21 16:00:00,-0.016703675131006332,-0.018324466277454654
2023-09-21 19:00:00,-0.004163405763071373,0.0
2023-09-22 16:00:00,0.00933100176543752,0.00013968297324207235
2023-09-22 19:00:00,-0.006349993761219842,0.0
2023-09-25 16:00:00,-0.0009606326631699262,0.004749854178724755
2023-09-25 19:00:00,0.0017189493274428185,0.0
2023-09-26 16:00:00,-0.004886675670222309,-0.015016304492745602
2023-09-26 19:00:00,-0.0014777424779466235,0.0
2023-09-27 16:00:00,0.002846482195304672,0.002343277336168903
2023-09-27 19:00:00,0.0015345896796300717,0.0
2023-09-28 16:00:00,0.005482645437194286,0.008365301319781082
2023-09-28 19:00:00,-0.001588443672029017,0.0
2023-09-29 16:00:00,-0.000344846108375142,0.0007262026083676432
2023-09-29 19:00:00,-0.002263243615290896,0.0
2023-10-02 16:00:00,-0.005123173436572628,0.008345744501744523
2023-10-02 19:00:00,0.005170911980817451,0.0
2023-10-03 16:00:00,-0.013446044030941597,-0.017549745170230335
2023-10-03 19:00:00,-0.0032920809325282874,0.0
2023-10-04 16:00:00,0.004196370141152887,0.013608755788081073
2023-10-04 19:00:00,0.0010995484835367919,0.0
2023-10-05 16:00:00,-0.005197940606200221,-0.002946391867280851
2023-10-05 19:00:00,0.004467221408228136,0.0
2023-10-06 16:00:00,0.01885647348378906,0.016755246902135257
2023-10-06 19:00:00,0.002565012642019848,0.0
2023-10-09 16:00:00,0.003387259657174155,0.005100006089812759
2023-10-09 19:00:00,0.005197126033481038,0.0
2023-10-10 16:00:00,0.011460843490700407,0.005537913263380823
2023-10-10 19:00:00,-0.004120047572255535,0.0
2023-10-11 16:00:00,0.0036338563146524143,0.007135569184733903
2023-10-11 19:00:00,0.0035887453401244173,0.0
2023-10-12 16:00:00,0.002142180631154787,-0.0034750538810837117
2023-10-12 19:00:00,-0.0060316314007317,0.0
2023-10-13 16:00:00,-0.005009094443932861,-0.012570174695576974
2023-10-13 19:00:00,-0.004592808795771412,0.0
2023-10-16 16:00:00,0.008602828441307483,0.011306357874391937
2023-10-16 19:00:00,-0.0005735178239672767,0.0
2023-10-17 16:00:00,0.0001836308373359335,-0.0032752081713236514
2023-10-17 19:00:00,-0.0013233298686012773,0.0
2023-10-18 16:00:00,-0.0061389736170962194,-0.013118006528087589
2023-10-18 19:00:00,-0.004268253630626117,0.0
2023-10-19 16:00:00,-0.0011614539731181776,-0.009356879967413523
2023-10-19 19:00:00,-0.011247986921717525,0.0
2023-10-20 16:00:00,-0.009459312191940565,-0.014917934346790007
2023-10-20 19:00:00,-0.005930701199216626,0.0
2023-10-23 16:00:00,0.00846202480282594,0.003017621591142161
2023-10-23 19:00:00,-0.008261860946233135,0.0
2023-10-24 16:00:00,0.0015416008608350028,0.009728083134687315
2023-10-24 19:00:00,0.006678144243411574,0.0
2023-10-25 16:00:00,-0.016597727912067504,-0.02447590303384639
2023-10-25 19:00:00,-0.004314618060313896,0.0
2023-10-26 16:00:00,-0.013293613249211024,-0.019067371420221413
2023-10-26 19:00:00,0.0003598674825619081,0.0
2023-10-30 19:00:00,0.0037434118994627767,0.0
2023-10-31 16:00:00,0.0030226607886283227,0.004782493116584963
2023-10-31 19:00:00,0.0017038992194818223,0.0
2023-11-01 16:00:00,0.00032122308070901774,0.01735674813571375
2023-11-01 19:00:00,0.008230664890274414,0.0
2023-11-02 16:00:00,0.013241934420189996,0.01815335581752442
2023-11-02 19:00:00,0.0007536486599500288,0.0
2023-11-03 16:00:00,0.013763588773634762,0.011748636042422156
2023-11-03 19:00:00,-0.003021509824097989,0.0
2023-11-06 16:00:00,0.0021319226971375066,0.004079499043069479
2023-11-06 19:00:00,-0.001180368552330396,0.0
2023-11-07 16:00:00,0.009763644957697047,0.009452676880263855
2023-11-07 19:00:00,0.000529042214212929,0.0
2023-11-08 16:00:00,-0.001262839871045573,0.0006437979647950787
2023-11-08 19:00:00,0.0008983896450291515,0.0
2023-11-09 16:00:00,0.010041167014926989,-0.007695639422429346
2023-11-09 19:00:00,-0.012648159065340468,0.0
2023-11-10 16:00:00,0.015684751748957212,0.022482349858343298
2023-11-10 19:00:00,0.006979068076802953,0.0
2023-11-13 16:00:00,0.001228750748032358,-0.0031185932789159487
2023-11-13 19:00:00,0.0012839130875259002,0.0
2023-11-14 16:00:00,0.01917324838688233,0.02152655968497541
2023-11-14 19:00:00,0.002922896246262487,0.0
2023-11-15 16:00:00,0.0007128153095316987,0.0007525817769407084
2023-11-15 19:00:00,-0.0011791865804915706,0.0
2023-11-16 16:00:00,-0.0035100640514059115,0.000855814060939375
2023-11-16 19:00:00,0.002601260888664379,0.0
2023-11-17 16:00:00,7.063160033943879e-05,0.00023314596700751977
2023-11-17 19:00:00,-0.00046227413464648183,0.0
2023-11-20 16:00:00,0.008177098387056195,0.012174850607820975
2023-11-20 19:00:00,0.006185008840207466,0.0
2023-11-21 16:00:00,-0.009332982059857846,-0.00580960407421971
2023-11-21 19:00:00,0.002087892950976585,0.0
2023-11-22 16:00:00,0.009659664652238355,0.0040931226001059695
2023-11-22 19:00:00,-0.002853455370909991,0.0
2023-11-27 16:00:00,0.008007590667970278,-0.002281596294251731
2023-11-27 19:00:00,-0.00246370137790506,0.0
2023-11-28 16:00:00,0.0038330561282817325,0.002620961652489484
2023-11-28 19:00:00,-0.002388119652937966,0.0
2023-11-29 16:00:00,0.010452759393107473,-0.0009740582762252092
2023-11-29 19:00:00,0.000695849355102321,0.0
2023-11-30 16:00:00,-0.009797652601527604,-0.0025140557634421024
2023-11-30 19:00:00,0.005277648824319154,0.0
2023-12-01 16:00:00,0.004749162220165652,0.0028548321889130257
2023-12-01 19:00:00,0.0037594710144804805,0.0
2023-12-04 16:00:00,-0.01331756667814591,-0.009283324522820324
2023-12-04 19:00:00,0.002259360221318779,0.0
2023-12-05 16:00:00,-0.0041388237881864335,0.0025106642779217925
2023-12-05 19:00:00,0.0032769384026907103,0.0
2023-12-06 16:00:00,0.0022918155057027917,-0.005783723484744763
2023-12-06 19:00:00,-0.005134460704877341,0.0
2023-12-07 16:00:00,0.004260429134743519,0.013972130289154894
2023-12-07 19:00:00,0.0013374420104680755,0.0
2023-12-08 16:00:00,-0.00026766945032037284,0.004456745020912756
2023-12-08 19:00:00,0.004564391381117249,0.0
2023-12-11 16:00:00,0.01599127934516833,0.0085420340118052
2023-12-11 19:00:00,0.002189705723016997,0.0
2023-12-12 16:00:00,0.004972593076956356,0.007964388810955292
2023-12-12 19:00:00,0.0038712274938630803,0.0
2023-12-13 16:00:00,-0.0006747464238742044,0.012717191764985314
2023-12-13 19:00:00,0.012263412089513445,0.0
2023-12-14 16:00:00,-0.0015924281510999014,-0.0008667448547702294
2023-12-14 19:00:00,-0.0002791148202509196,0.0
2023-12-15 16:00:00,0.00751306081522348,0.004833842510653552
2023-12-15 19:00:00,-0.00504385566513581,0.0
2023-12-18 16:00:00,-0.00034694303801124454,0.0062986067851451555
2023-12-18 19:00:00,0.0046053693088294045,0.0
2023-12-19 16:00:00,0.0004814672670125535,0.005109753532122729
2023-12-19 19:00:00,0.002146424836468377,0.0
2023-12-20 16:00:00,-0.0005944297639705873,-0.014859823421377372
2023-12-20 19:00:00,-0.011618239550391792,0.0
2023-12-21 16:00:00,0.0058974001982046486,0.011635543454743491
2023-12-21 19:00:00,0.0014797908859293372,0.0
2023-12-22 16:00:00,0.0030459411617876696,0.0014958853500290914
2023-12-22 19:00:00,0.0010933938643138878,0.0
2023-12-26 16:00:00,0.0059300645321704966,0.006121708935123316
2023-12-26 19:00:00,0.002144900867891491,0.0
2023-12-27 16:00:00,0.0004853058618007597,0.002035667227989091
2023-12-27 19:00:00,-0.0012409940865849393,0.0
2023-12-29 19:00:00,0.0029599629427164804,0.0
2024-01-02 16:00:00,-0.024793489234891518,-0.01692220131694222
2024-01-02 19:00:00,-0.007916445310659607,0.0
2024-01-03 16:00:00,-0.01185369942935691,-0.010581575070376936
2024-01-03 19:00:00,0.0009001030964535688,0.0
2024-01-04 16:00:00,0.00027883827929544474,-0.005146439998156449
2024-01-04 19:00:00,-0.0037625421321468536,0.0
2024-01-05 16:00:00,0.0030512058523198262,0.001186051572571456
2024-01-05 19:00:00,-0.004550501777919167,0.0
2024-01-08 16:00:00,0.018443579035550627,0.020667893956210825
2024-01-08 19:00:00,0.0041525021290360585,0.0
2024-01-09 16:00:00,0.00662231094706994,0.0019755494515962813
2024-01-09 19:00:00,-0.0006133642285568031,0.0
2024-01-10 16:00:00,0.002710604267762796,0.0067775238095815205
2024-01-10 19:00:00,0.004461408981567094,0.0
2024-01-11 16:00:00,-0.009129739173379333,0.0020808935077254453
2024-01-11 19:00:00,0.012176610443562915,0.0
2024-01-12 16:00:00,-0.005029833537947076,0.0005129246844910451
2024-01-12 19:00:00,0.0011603702017028115,0.0
2024-01-16 16:00:00,0.0022152995139444694,-9.763550316188585e-05
2024-01-16 19:00:00,-0.002542160864573916,0.0
2024-01-17 16:00:00,-0.008752522864549736,-0.0056407337723141104
2024-01-17 19:00:00,0.0015451905660988292,0.0
2024-01-18 16:00:00,0.016806864170370008,0.014194143114514501
2024-01-18 19:00:00,0.0021560820531243722,0.0
2024-01-19 16:00:00,0.010134226185994358,0.019830964853488897
2024-01-19 19:00:00,0.012611121707923612,0.0
2024-01-22 16:00:00,0.008171307747868811,0.001305816322008102
2024-01-22 19:00:00,-0.0034474098806681094,0.0
2024-01-23 16:00:00,-0.0046975795389628365,0.004149750992991974
2024-01-23 19:00:00,0.0021918460645610274,0.0
2024-01-24 16:00:00,0.019274731986444856,0.005549066995215179
2024-01-24 19:00:00,-0.00547249286670325,0.0
2024-01-25 16:00:00,0.006704797154070758,0.0012212007227503374
2024-01-25 19:00:00,-0.009141289336570027,0.0
2024-01-26 16:00:00,-0.004323557279515084,-0.005957653137839802
2024-01-26 19:00:00,-0.003109236775016992,0.0
2024-01-29 16:00:00,0.00014851390567036582,0.010240612383698888
2024-01-29 19:00:00,0.0032585109996484595,0.0
2024-01-30 16:00:00,-0.001472238769513496,-0.006656570842333065
2024-01-30 19:00:00,-0.00494576816213365,0.0
2024-01-31 16:00:00,-0.010481520037939476,-0.01958619398802741
2024-01-31 19:00:00,0.0042539205307345895,0.0
2024-02-01 16:00:00,-0.006569332500591607,0.01177547552656244
2024-02-01 19:00:00,0.009352932631247002,0.0
2024-02-02 16:00:00,0.010405304802270659,0.016900417921162703
2024-02-02 19:00:00,0.001127151707651754,0.0
2024-02-05 16:00:00,-0.007112138942498102,-0.001305213843120434
2024-02-05 19:00:00,0.00491971847851275,0.0
2024-02-06 16:00:00,-0.010293032955881324,-0.002007332951320273
2024-02-06 19:00:00,0.005598616630643767,0.0
2024-02-07 16:00:00,0.017279419490908287,0.010290287788187635
2024-02-07 19:00:00,0.002064275488510097,0.0
2024-02-08 16:00:00,0.0059299695560634195,0.0018518917966079407
2024-02-08 19:00:00,0.00033598126759928047,0.0
2024-02-09 16:00:00,0.004174879402877121,0.009843123986133184
2024-02-09 19:00:00,0.0027199330309248264,0.0
2024-02-12 16:00:00,0.002308733769030811,-0.00391265313562561
2024-02-12 19:00:00,-0.009795417996904471,0.0
2024-02-13 16:00:00,-0.01434312440116154,-0.015596987850148847
2024-02-13 19:00:00,-0.011895320220203065,0.0
2024-02-14 16:00:00,0.017077190215432338,0.010897288255939275
2024-02-14 19:00:00,0.004768573667837028,0.0
2024-02-15 16:00:00,0.0028777798583915384,0.0029777041472982546
2024-02-15 19:00:00,0.003716985877558689,0.0
2024-02-16 16:00:00,0.0012689218945762173,-0.00906764228944712
2024-02-16 19:00:00,-0.006475656066260419,0.0
2024-02-20 16:00:00,-0.024925703301726367,-0.007548300415978648
2024-02-20 19:00:00,0.004454150198716591,0.0
2024-02-21 16:00:00,-0.021738106242296263,-0.004001599484514284
2024-02-21 19:00:00,-0.003106185431621939,0.0
2024-02-22 16:00:00,0.038077662451579126,0.029275610441087396
2024-02-22 19:00:00,0.00678876758281952,0.0
2024-02-23 16:00:00,-0.005413811476319045,-0.002944666844768462
2024-02-23 19:00:00,-0.00011871446097052453,0.0
2024-02-26 16:00:00,0.006000532531206586,-0.0005266294731804955
2024-02-26 19:00:00,-0.00025682593221583525,0.0
2024-02-27 16:00:00,0.0049118655069464185,0.0024051836053411435
2024-02-27 19:00:00,-0.0003557305849885912,0.0
2024-02-29 19:00:00,0.003605001895043721,0.0
2024-03-01 16:00:00,0.01754418248330255,0.015057057865849321
2024-03-01 19:00:00,0.006622856495310541,0.0
2024-03-04 16:00:00,0.005043460322465676,-0.0035682820481358624
2024-03-04 19:00:00,0.000567295352822519,0.0
2024-03-05 16:00:00,-0.017866222977065582,-0.017949635563498934
2024-03-05 19:00:00,-0.0073984819987636865,0.0
2024-03-06 16:00:00,0.024243543828230345,0.006283645200582111
2024-03-06 19:00:00,-0.004014360896421771,0.0
2024-03-07 16:00:00,0.016652017136557257,0.015178109028032516
2024-03-07 19:00:00,0.0014076953236700149,0.0
2024-03-08 16:00:00,-0.01344936332035331,-0.014434868161486647
2024-03-08 19:00:00,-0.0035422199317078694,0.0
2024-03-11 16:00:00,-0.016693443897937872,-0.003712647832800009
2024-03-11 19:00:00,0.00013553963632899333,0.0
2024-03-12 16:00:00,0.005213109633183309,0.014334960069013247
2024-03-12 19:00:00,0.007298654110657923,0.0
2024-03-13 16:00:00,-0.016919730032927995,-0.007686116523888287
2024-03-13 19:00:00,-0.0010216873207390378,0.0
2024-03-14 16:00:00,-0.006221546413430401,-0.0025211437426884142
2024-03-14 19:00:00,1.2224173892320082e-05,0.0
2024-03-15 16:00:00,-0.008532915891882029,-0.011886906289673482
2024-03-15 19:00:00,0.0011510503112869296,0.0
2024-03-18 16:00:00,0.007850248974720553,0.009537401063898665
2024-03-18 19:00:00,-0.0012190861211580722,0.0
2024-03-19 16:00:00,0.0006061470614495271,0.002491565767432924
2024-03-19 19:00:00,0.0014247658814322663,0.0
2024-03-20 16:00:00,-0.0015216272753729632,0.01185663722683672
2024-03-20 19:00:00,0.011857284338216438,0.0
2024-03-21 16:00:00,0.024186550884506976,0.004732104555416061
2024-03-21 19:00:00,-0.008203878656048805,0.0
2024-03-22 16:00:00,-0.00112776914184325,0.0011439707152343104
2024-03-22 19:00:00,0.0009947734167133101,0.0
2024-03-25 16:00:00,-0.0004872597963409097,-0.0036292838579048414
2024-03-25 19:00:00,-0.002681251020511526,0.0
2024-03-26 16:00:00,0.0015995858005263884,-0.0032376192638451373
2024-03-26 19:00:00,-0.0044433379049846925,0.0
2024-03-27 16:00:00,-2.783329214389312e-05,0.0034061945963386187
2024-03-27 19:00:00,0.0014893998406881222,0.0
2024-03-28 16:00:00,-0.0017494728589145373,-0.0018435126338075536
2024-03-28 19:00:00,-0.000489940312519533,0.0
2024-04-01 16:00:00,0.005712430759518107,0.002117018629833378
2024-04-01 19:00:00,0.00021774678433383505,0.0
2024-04-02 16:00:00,-0.012126492522518387,-0.008630172466329467
2024-04-02 19:00:00,0.004183053152576894,0.0
2024-04-03 16:00:00,0.011951172418206948,0.0022443118730091083
2024-04-03 19:00:00,-0.002119474481849437,0.0
2024-04-04 16:00:00,0.007120529027236111,-0.015290614088419585
2024-04-04 19:00:00,-0.02955624705420269,0.0
2024-04-05 16:00:00,0.02324190497441149,0.011783935048918392
2024-04-05 19:00:00,-0.0047573852017915716,0.0
2024-04-08 16:00:00,-0.0005500530943054078,0.0002950778661379161
2024-04-08 19:00:00,-0.0025140893588295504,0.0
2024-04-09 16:00:00,-0.00588293446950302,0.0036994842206485856
2024-04-09 19:00:00,0.005495342558439284,0.0
2024-04-10 16:00:00,-0.010670469051748233,-0.008728405267464767
2024-04-10 19:00:00,-0.0019134889888255053,0.0
2024-04-11 16:00:00,0.004520319881227506,0.01596822129254094
2024-04-11 19:00:00,0.00781862347137355,0.0
2024-04-12 16:00:00,-0.019140187469235834,-0.015941895524497762
2024-04-12 19:00:00,-0.0009545367484669114,0.0
2024-04-15 16:00:00,-0.001428192879548614,-0.016450945340176104
2024-04-15 19:00:00,-0.013639851921711885,0.0
2024-04-16 16:00:00,0.005695372687962103,9.285767898692399e-05
2024-04-16 19:00:00,-0.0023816897697887824,0.0
2024-04-17 16:00:00,-0.01975943216617533,-0.012201395394815462
2024-04-17 19:00:00,0.0020738126518362624,0.0
2024-04-18 16:00:00,-0.003293086867831313,-0.005706472463386847
2024-04-18 19:00:00,-0.004945311752975314,0.0
2024-04-19 16:00:00,-0.013838039927889127,-0.020689207477481042
2024-04-19 19:00:00,-0.0028290435883009456,0.0
2024-04-22 16:00:00,0.004222851453859518,0.010056852416465478
2024-04-22 19:00:00,0.003902610190091987,0.0
2024-04-23 16:00:00,0.012438672530665709,0.014922828823315415
2024-04-23 19:00:00,0.0006245608918793386,0.0
2024-04-24 16:00:00,-0.005224549499078552,0.003387663878385183
2024-04-24 19:00:00,0.004495935681307483,0.0
2024-04-25 16:00:00,-0.005410715991290152,-0.004829899442177044
2024-04-25 19:00:00,0.0029444445609281555,0.0
2024-04-29 19:00:00,0.0008200635133092118,0.0
2024-04-30 16:00:00,-0.007500495984033094,-0.018856101842816053
2024-04-30 19:00:00,-0.0033559153617216215,0.0
2024-05-01 16:00:00,-0.007797582256772618,-0.0072306915215564205
2024-05-01 19:00:00,0.00015927284498958166,0.0
2024-05-02 16:00:00,0.005230865361328139,0.01276343434471916
2024-05-02 19:00:00,0.0037184959373135103,0.0
2024-05-03 16:00:00,0.00473983760003315,0.02009846150736827
2024-05-03 19:00:00,0.0015444630450698984,0.0
2024-05-06 16:00:00,0.0031407999608027205,0.010953404725757343
2024-05-06 19:00:00,0.0016806432157181928,0.0
2024-05-07 16:00:00,0.0019280508750410964,0.00015902132453571305
2024-05-07 19:00:00,-0.0006293741441461059,0.0
2024-05-08 16:00:00,-0.0023184495330230335,-0.0005904967394613214
2024-05-08 19:00:00,0.0014110404009340719,0.0
2024-05-09 16:00:00,0.0019672621084200867,0.0021815353947902683
2024-05-09 19:00:00,0.00023878507813506343,0.0
2024-05-10 16:00:00,-0.0006852261630553873,0.002358098208816495
2024-05-10 19:00:00,1.2375740129716848e-06,0.0
2024-05-13 16:00:00,0.0011919118694056247,0.002307451395780591
2024-05-13 19:00:00,0.0005043014530533903,0.0
2024-05-14 16:00:00,0.001678545694320281,0.006432122879424629
2024-05-14 19:00:00,0.00224861154829346,0.0
2024-05-15 16:00:00,0.00573792614117486,0.015630274294221813
2024-05-15 19:00:00,0.001901276040465045,0.0
2024-05-16 16:00:00,0.0017470496898796361,-0.0020313078313122235
2024-05-16 19:00:00,-0.0027696334062855873,0.0
2024-05-17 16:00:00,-0.00023086566008125525,-0.0004866354550948637
2024-05-17 19:00:00,0.00017155155183881958,0.0
2024-05-20 16:00:00,0.005546566325919236,0.006972547300218235
2024-05-20 19:00:00,-0.0006640613815446639,0.0
2024-05-21 16:00:00,-0.0013685020633310118,0.00195649302486256
2024-05-21 19:00:00,0.0012941246838522396,0.0
2024-05-22 16:00:00,0.002496006742206728,-0.00019733594446846858
2024-05-22 19:00:00,0.00010373865994605547,0.0
2024-05-23 16:00:00,0.0017941884614940057,-0.004498511236135316
2024-05-23 19:00:00,-0.004250276861566048,0.0
2024-05-24 16:00:00,0.007030957577009762,0.00945642294091531
2024-05-24 19:00:00,-0.0007840787981045777,0.0
2024-05-28 16:00:00,-0.0012272838403378722,0.003777669326795907
2024-05-28 19:00:00,0.000502970776151445,0.0
2024-05-29 16:00:00,-0.0037458296991290958,-0.00704835355416078
2024-05-29 19:00:00,-0.0012572365965861448,0.0
2024-05-30 16:00:00,-0.0009106255878996895,-0.010713298392843185
2024-05-30 19:00:00,-0.0012195399410725965,0.0
2024-05-31 16:00:00,-0.006923160503655439,-0.001860297086599072
2024-05-31 19:00:00,0.007616759084124288,0.0
2024-06-03 16:00:00,-0.005503611434767251,0.005369372079429224
2024-06-03 19:00:00,0.004456718905521857,0.0
2024-06-04 16:00:00,-0.001905238070685918,0.0027364801755982437
2024-06-04 19:00:00,0.0015816673080649326,0.0
2024-06-05 16:00:00,0.006083201052379317,0.020159670378230077
2024-06-05 19:00:00,0.0016991895039456324,0.0
2024-06-06 16:00:00,-0.000721431679412726,-0.0003451463298786983
2024-06-06 19:00:00,-0.0001782174984762219,0.0
2024-06-07 16:00:00,0.0009283142717711362,-0.0008847760858157194
2024-06-07 19:00:00,-0.002921791746143428,0.0
2024-06-10 16:00:00,0.005293610013311188,0.004039163499262921
2024-06-10 19:00:00,0.0001810755025693068,0.0
2024-06-11 16:00:00,-0.0009161765339074986,0.006862805669494376
2024-06-11 19:00:00,0.002863013876371828,0.0
2024-06-12 16:00:00,0.006701081712923387,0.013097643563170003
2024-06-12 19:00:00,0.0005749559486964902,0.0
2024-06-13 16:00:00,-0.0012865035088794074,0.005420227853111026
2024-06-13 19:00:00,0.0015029873989620363,0.0
2024-06-14 16:00:00,-0.0026336197072044766,0.0051813240415956585
2024-06-14 19:00:00,0.0015907348391046281,0.0
2024-06-17 16:00:00,0.002666436034134897,0.012249672997597827
2024-06-17 19:00:00,0.0029814566125529593,0.0
2024-06-18 16:00:00,0.0033810803507274946,0.00030930772306891896
2024-06-18 19:00:00,-0.0013542182399656196,0.0
2024-06-20 16:00:00,-0.006014060244915045,-0.0077079478237478405
2024-06-20 19:00:00,-0.0009646718735443549,0.0
2024-06-21 16:00:00,-0.0007753887523028637,-0.0026792146815561857
2024-06-21 19:00:00,-0.0007587901454605318,0.0
2024-06-24 16:00:00,-0.0019598576348576644,-0.011384796920896778
2024-06-24 19:00:00,-0.001968062481278509,0.0
2024-06-25 16:00:00,0.002403261581955936,0.011435673750956443
2024-06-25 19:00:00,0.0031553024375348027,0.0
2024-06-26 16:00:00,-0.003343910725706335,0.0020651389981851676
2024-06-26 19:00:00,-0.0005430805422723045,0.0
2024-06-27 16:00:00,-0.0020633056778709287,0.0025812432941567653
2024-06-27 19:00:00,-0.00018361691838774877,0.0
2024-07-01 19:00:00,0.0002370987683364693,0.0
2024-07-02 16:00:00,0.002159991614723304,0.01049968645789856
2024-07-02 19:00:00,0.003330063905609531,0.0
2024-07-05 16:00:00,0.007484534176010457,0.01885086369125699
2024-07-05 19:00:00,0.0006621333479457518,0.0
2024-07-08 16:00:00,0.0015187348894493682,0.002378246697380959
2024-07-08 19:00:00,0.0010144709297080032,0.0
2024-07-09 16:00:00,0.0014318197025869925,0.0008645421545334653
2024-07-09 19:00:00,9.610200751288307e-05,0.0
2024-07-10 16:00:00,0.0029268496238522555,0.010426608358419243
2024-07-10 19:00:00,0.001700395361566816,0.0
2024-07-11 16:00:00,-0.00952898858040044,-0.021930202836255352
2024-07-11 19:00:00,-0.0016140277147788577,0.0
2024-07-12 16:00:00,0.006547896346584764,0.005874758824818027
2024-07-12 19:00:00,-0.002206585270930537,0.0
2024-07-15 16:00:00,0.002613899548725735,0.0026877859619607314
2024-07-15 19:00:00,-0.0017409767673997197,0.0
2024-07-16 16:00:00,0.0005786248487398003,0.00038301988578237633
2024-07-16 19:00:00,0.0012173179224281422,0.0
2024-07-17 16:00:00,-0.014052754705048671,-0.029354854565504573
2024-07-17 19:00:00,-0.002771648252820068,0.0
2024-07-18 16:00:00,-0.0019716332999105916,-0.004732597784361858
2024-07-18 19:00:00,-0.0021106170439720733,0.0
2024-07-19 16:00:00,-0.005952586180150014,-0.008863515855942694
2024-07-19 19:00:00,-0.001188621261723932,0.0
2024-07-22 16:00:00,0.00800218884678362,0.014897685589573273
2024-07-22 19:00:00,0.002632293349074327,0.0
2024-07-23 16:00:00,-0.004713672643706108,-0.0035245909377247253
2024-07-23 19:00:00,-0.0007865031648395769,0.0
2024-07-24 16:00:00,-0.01348317367328578,-0.0358703103197241
2024-07-24 19:00:00,-0.0039015455086986177,0.0
2024-07-25 16:00:00,0.005420264677883603,-0.011027670424706648
2024-07-25 19:00:00,-0.0079350390283546,0.0
2024-07-26 16:00:00,0.009469923454535581,0.010255889029897824
2024-07-26 19:00:00,-0.0017761762952063238,0.0
2024-07-29 16:00:00,0.0020389604539150247,0.002008758022838064
2024-07-29 19:00:00,-0.001835647923492723,0.0
2024-07-30 16:00:00,-0.006344163051544601,-0.013731303175955722
2024-07-30 19:00:00,0.002481078018651463,0.0
2024-07-31 16:00:00,0.008935617647004408,0.02959363503182777
2024-07-31 19:00:00,0.00046339731087741777,0.0
2024-08-01 16:00:00,-0.012003859006667866,-0.024221439954273394
2024-08-01 19:00:00,-0.0006152793038299092,0.0
2024-08-02 16:00:00,-0.010703777713141878,-0.023734936847990107
2024-08-02 19:00:00,0.0015589049689016155,0.0
2024-08-05 16:00:00,-0.011766602774017611,-0.029816152578955646
2024-08-05 19:00:00,-0.001962920162482519,0.0
2024-08-06 16:00:00,0.009319762131629399,0.009555114345292326
2024-08-06 19:00:00,-0.005964716787893784,0.0
2024-08-07 16:00:00,0.0028393332911177656,-0.010829794260367342
2024-08-07 19:00:00,-0.007545164325391172,0.0
2024-08-08 16:00:00,0.009984951765755146,0.030590909579806924
2024-08-08 19:00:00,0.0031489093406259347,0.0
2024-08-09 16:00:00,-0.00030826723171395324,0.005222363801425045
2024-08-09 19:00:00,0.001920053124169823,0.0
2024-08-12 16:00:00,-0.001294809149858244,0.0021536376257773604
2024-08-12 19:00:00,0.0004409895548673297,0.0
2024-08-13 16:00:00,0.00672723055910916,0.02481277786153613
2024-08-13 19:00:00,0.0011753655012011152,0.0
2024-08-14 16:00:00,0.00017670110498834273,0.00032422346319060935
2024-08-14 19:00:00,0.00045802205990366063,0.0
2024-08-15 16:00:00,0.008736463823107918,0.025263215702408415
2024-08-15 19:00:00,0.0014197903109130767,0.0
2024-08-16 16:00:00,0.0013207531621495729,0.0012857326283106651
2024-08-16 19:00:00,-0.0004151427132900784,0.0
2024-08-19 16:00:00,0.00224159931500536,0.013136012075172898
2024-08-19 19:00:00,0.0026851148305228607,0.0
2024-08-20 16:00:00,0.00039727051593045366,-0.0020986439359386155
2024-08-20 19:00:00,-0.0006586140824232836,0.0
2024-08-21 16:00:00,0.0019224307818394607,0.004664201035129656
2024-08-21 19:00:00,0.0006380989675116668,0.0
2024-08-22 16:00:00,-0.003335434776755946,-0.01585496425013533
2024-08-22 19:00:00,-0.0019134378783615205,0.0
2024-08-23 16:00:00,0.0022269366663354388,0.010845458133578623
2024-08-23 19:00:00,0.0019917183362421183,0.0
2024-08-26 16:00:00,0.0005581848635632965,-0.009708275518128806
2024-08-26 19:00:00,-0.0013035574030437571,0.0
2024-08-27 16:00:00,0.000851879726061936,0.002987376027325128
2024-08-27 19:00:00,0.0011690964008658148,0.0
2024-08-29 19:00:00,-0.009084179377746289,0.0
2024-08-30 16:00:00,0.00011979866535241053,0.011919354778615388
2024-08-30 19:00:00,0.005594824015168337,0.0
2024-09-03 16:00:00,-0.012090928682451426,-0.030360937391802234
2024-09-03 19:00:00,-0.004614994214096582,0.0
2024-09-04 16:00:00,-0.004201947610949172,-0.002598512267454778
2024-09-04 19:00:00,-0.0017624003905298941,0.0
2024-09-05 16:00:00,-0.006962815552719612,0.0009336829930166601
2024-09-05 19:00:00,0.002906342288659854,0.0
2024-09-06 16:00:00,-0.01755015530607685,-0.026787433762604396
2024-09-06 19:00:00,-0.0003171447397250184,0.0
2024-09-09 16:00:00,0.007497711873078852,0.01285973534665752
2024-09-09 19:00:00,-0.003368200769973821,0.0
2024-09-10 16:00:00,-0.000953000347964974,0.009241815709448487
2024-09-10 19:00:00,0.006374752194899477,0.0
2024-09-11 16:00:00,-0.005018803188321394,0.02171538414740204
2024-09-11 19:00:00,0.007953175818028771,0.0
2024-09-12 16:00:00,0.002935864103742615,0.009816013428873616
2024-09-12 19:00:00,0.0035427109832890788,0.0
2024-09-13 16:00:00,0.00036125389890406226,0.004479977698279569
2024-09-13 19:00:00,-0.000342925288723747,0.0
2024-09-16 16:00:00,0.0022713047200820674,-0.004417862951430651
2024-09-16 19:00:00,-0.0002834311520844902,0.0
2024-09-17 16:00:00,-0.006499537227972137,0.0005283302553615865
2024-09-17 19:00:00,0.0014561856971503613,0.0
2024-09-18 16:00:00,0.0005505839082999265,-0.004329604573611423
2024-09-18 19:00:00,-0.003567613226741309,0.0
2024-09-19 16:00:00,0.01291230764865911,0.025284137553351238
2024-09-19 19:00:00,-0.0015856885098570214,0.0
2024-09-20 16:00:00,-0.006038219015802947,-0.0019032079192593532
2024-09-20 19:00:00,0.00010181339707840353,0.0
2024-09-23 16:00:00,0.002224391182897311,0.002650581265807528
2024-09-23 19:00:00,0.0012730754471399002,0.0
2024-09-24 16:00:00,0.0016420581815636158,0.0048236882570544815
2024-09-24 19:00:00,-0.001971319754371026,0.0
2024-09-25 16:00:00,-0.0022907289561209265,0.0009270913863861363
2024-09-25 19:00:00,-0.0009069268530270267,0.0
2024-09-26 16:00:00,0.001960515468375438,0.007513127531812991
2024-09-26 19:00:00,0.0015890020940013316,0.0
2024-09-27 16:00:00,0.001311198867029318,-0.005557065413533513
2024-09-27 19:00:00,-0.0028909023916225025,0.0
2024-09-30 16:00:00,0.0016031050103545337,0.002711850628192458
2024-09-30 19:00:00,0.0016889053252838438,0.0
2024-10-01 16:00:00,-0.00371817260446482,-0.013932420073848761
2024-10-01 19:00:00,0.00016546504262526942,0.0
2024-10-02 16:00:00,-0.000855904908261838,0.001412921123457922
2024-10-02 19:00:00,0.0019223488347971979,0.0
2024-10-03 16:00:00,-0.007594841495950029,-0.0007470254122504683
2024-10-03 19:00:00,0.0013244380151427573,0.0
2024-10-04 16:00:00,0.0018738621621120733,0.011898123691417295
2024-10-04 19:00:00,0.004220358296625231,0.0
2024-10-07 16:00:00,-0.004986411381694917,-0.010711593354476134
2024-10-07 19:00:00,-0.003465871141404345,0.0
2024-10-08 16:00:00,0.0009456142501388365,0.014934584721874034
2024-10-08 19:00:00,0.001315025655378722,0.0
2024-10-09 16:00:00,0.0013983271137385843,0.007868375275753792
2024-10-09 19:00:00,0.00257253212066436,0.0
2024-10-10 16:00:00,-0.0017447194441100437,-0.0011355514379944864
2024-10-10 19:00:00,-0.0004913559281758551,0.0
2024-10-11 16:00:00,0.003910942133752796,0.0015631270899099103
2024-10-11 19:00:00,0.0017705327858856584,0.0
2024-10-14 16:00:00,0.0035356980523207804,0.008391521038613403
2024-10-14 19:00:00,0.00011363836738192833,0.0
2024-10-15 16:00:00,-0.00806605488217043,-0.01336679736146884
2024-10-15 19:00:00,-0.0040084912791405,0.0
2024-10-16 16:00:00,0.0031876232376020193,0.000122173723398733
2024-10-16 19:00:00,0.001685002626098802,0.0
2024-10-17 16:00:00,0.0006873565223549114,0.0006925878208803304
2024-10-17 19:00:00,-0.00320972442045534,0.0
2024-10-18 16:00:00,0.00413402229642314,0.006554736918730875
2024-10-18 19:00:00,0.0009523350204345444,0.0
2024-10-21 16:00:00,0.0006815104741827006,0.0019212703509394746
2024-10-21 19:00:00,0.0006632326959174102,0.0
2024-10-22 16:00:00,-0.0042350002522394785,0.0010899787132621075
2024-10-22 19:00:00,0.0008831474753638769,0.0
2024-10-23 16:00:00,-0.010803882791291455,-0.015323924433118252
2024-10-23 19:00:00,-0.001780070861437734,0.0
2024-10-24 16:00:00,0.002051148610520715,0.00810885773496639
2024-10-24 19:00:00,-9.913791781049261e-05,0.0
2024-10-25 16:00:00,0.005931588762186228,0.0060936292616513565
2024-10-25 19:00:00,-0.005963256632895466,0.0
2024-10-29 19:00:00,-0.0002999082399960836,0.0
2024-10-30 16:00:00,-0.0028113933808678678,-0.007557482548374961
2024-10-30 19:00:00,-0.0033068728376045658,0.0
2024-10-31 16:00:00,-0.008545909419514202,-0.025242784184017486
2024-10-31 19:00:00,-0.001373198027305135,0.0
2024-11-01 16:00:00,0.01888779856880673,0.007398886446255748
2024-11-01 19:00:00,0.00011803029039223086,0.0
2024-11-04 16:00:00,-0.008805838552699032,-0.002913098353861998
2024-11-04 19:00:00,0.001073420275242518,0.0
2024-11-05 16:00:00,0.0026007868808408698,0.01275687424279548
2024-11-05 19:00:00,0.0007000910382604378,0.0
2024-11-06 16:00:00,0.014485670453341539,0.027163222256870068
2024-11-06 19:00:00,0.0011834908868917809,0.0
2024-11-07 16:00:00,0.005979928998095361,0.015744214275609902
2024-11-07 19:00:00,0.001702466698071577,0.0
2024-11-08 16:00:00,-0.001085561501756302,0.001168474635689254
2024-11-08 19:00:00,0.0003592248055842588,0.0
2024-11-11 16:00:00,0.010086237216117355,-0.0005833164329716034
2024-11-11 19:00:00,-0.0008608322752108172,0.0
2024-11-12 16:00:00,-0.0017828449050269614,-0.0018101016526781422
2024-11-12 19:00:00,-0.00047629964069651506,0.0
2024-11-13 16:00:00,0.0025409533887295645,-0.0012867689449219677
2024-11-13 19:00:00,-0.0034000785959733847,0.0
2024-11-14 16:00:00,-0.0018909595467202984,-0.006949696356360335
2024-11-14 19:00:00,-0.0013944452901489802,0.0
2024-11-15 16:00:00,-0.012010564496195843,-0.023825965349321132
2024-11-15 19:00:00,-0.0006957500169182776,0.0
2024-11-18 16:00:00,0.009436649993836234,0.006947718724392482
2024-11-18 19:00:00,-0.005106084897935502,0.0
2024-11-19 16:00:00,0.001933628010677633,0.006879689727049998
2024-11-19 19:00:00,0.0014243542892995616,0.0
2024-11-20 16:00:00,0.00046487048206761015,-0.0005760415765330151
2024-11-20 19:00:00,-0.001116114456447454,0.0
2024-11-21 16:00:00,0.01414381702934641,0.0035972061999725025
2024-11-21 19:00:00,-0.0002612998006679655,0.0
2024-11-22 16:00:00,0.003754220999820753,0.0016040462410162881
2024-11-22 19:00:00,0.001862474266543523,0.0
2024-11-25 16:00:00,0.0025248300512627814,0.0015816760761411253
2024-11-25 19:00:00,-0.002115442729278542,0.0
2024-11-26 16:00:00,0.00115201741633408,0.00536920631370541
2024-11-26 19:00:00,-0.002812480363531618,0.0
2024-11-27 16:00:00,-0.007658702118903946,-0.007873448165787611
2024-11-27 19:00:00,0.0021215685963136693,0.0
2024-12-02 16:00:00,0.006018136916056584,0.019770365239372145
2024-12-02 19:00:00,0.0015437142402894516,0.0
2024-12-03 16:00:00,0.002787917127354471,0.0030663983270027284
2024-12-03 19:00:00,0.0004089586492740071,0.0
2024-12-04 16:00:00,0.022223274467387248,0.012362902874929471
2024-12-04 19:00:00,0.0025639587441850993,0.0
2024-12-05 16:00:00,0.005580900342251837,-0.0027712215685583574
2024-12-05 19:00:00,-0.00076533791789271,0.0
2024-12-06 16:00:00,0.011911437732365575,0.008949661465999403
2024-12-06 19:00:00,-0.00034994558441730746,0.0
2024-12-09 16:00:00,-0.013878633510212795,-0.007787356137389234
2024-12-09 19:00:00,-0.0017859839449127154,0.0
2024-12-10 16:00:00,0.0013604806335406226,-0.0034077573646644765
2024-12-10 19:00:00,-0.0074011965400612705,0.0
2024-12-11 16:00:00,0.010789797054336218,0.017902567590646123
2024-12-11 19:00:00,0.002235711509373243,0.0
2024-12-12 16:00:00,-0.0026027225641208278,-0.006453945345418655
2024-12-12 19:00:00,1.5553284546397944e-05,0.0
2024-12-13 16:00:00,0.002171178596169576,0.007654370550005174
2024-12-13 19:00:00,0.004155608962632367,0.0
2024-12-16 16:00:00,0.011974388205034107,0.014400737328128299
2024-12-16 19:00:00,0.0028965622346403186,0.0
2024-12-17 16:00:00,-0.008713936664064736,-0.004403705044583317
2024-12-17 19:00:00,-0.002317846694660384,0.0
2024-12-18 16:00:00,-0.005781758452327275,-0.036076966212892136
2024-12-18 19:00:00,-0.013298610261259553,0.0
2024-12-19 16:00:00,-0.007974627885176304,-0.004453344868511344
2024-12-19 19:00:00,-0.0014651599041140752,0.0
2024-12-20 16:00:00,0.013410755035077005,0.008732506158164455
2024-12-20 19:00:00,-0.0019527331769829462,0.0
2024-12-23 16:00:00,-0.0017275792768956496,0.009742651370640898
2024-12-23 19:00:00,-0.0007068885200156279,0.0
2024-12-26 16:00:00,0.011715230409954933,0.01287139492652889
2024-12-26 19:00:00,-0.0003562620564318818,0.0
2024-12-30 19:00:00,0.0006086482338719895,0.0
2024-12-31 16:00:00,-0.0056126763637638025,-0.008494697164563636
2024-12-31 19:00:00,-0.0030763651805959607,0.0
2025-01-02 16:00:00,0.002653508473181092,-0.001956027597256327
2025-01-02 19:00:00,-0.00773573249693601,0.0
2025-01-03 16:00:00,0.017496779964551956,0.016365159124950512
2025-01-03 19:00:00,0.0054790369705694855,0.0
2025-01-06 16:00:00,0.003849381556348832,0.011492933967797159
2025-01-06 19:00:00,-0.0014042229719440462,0.0
2025-01-07 16:00:00,-0.014170666302705597,-0.017844274233518753
2025-01-07 19:00:00,-0.001393096071114589,0.0
2025-01-08 16:00:00,-0.005254480958511738,0.00017468201502790492
2025-01-08 19:00:00,0.0016853500528996902,0.0
2025-01-10 16:00:00,-0.013129685176216412,-0.015681074205579737
2025-01-10 19:00:00,0.007883122891995324,0.0
2025-01-13 16:00:00,-0.011762367024040652,-0.0032137662550189017
2025-01-13 19:00:00,0.0043870554196390734,0.0
2025-01-14 16:00:00,0.006907006153118949,-0.0009494862975779617
2025-01-14 19:00:00,0.0030524891625970246,0.0
2025-01-15 16:00:00,0.0085483040526049,0.023006268253611406
2025-01-15 19:00:00,0.002252335780108609,0.0
2025-01-16 16:00:00,0.002743975478146411,-0.0070059641014164065
2025-01-16 19:00:00,0.00032244689108232614,0.0
2025-01-17 16:00:00,0.011046353595629816,0.01687846119826264
2025-01-17 19:00:00,0.0026017131241587417,0.0
2025-01-21 16:00:00,-0.0010358825922427537,0.005865100915291022
2025-01-21 19:00:00,0.0035506083636852423,0.0
2025-01-22 16:00:00,0.0044828292147761776,0.012785716598497476
2025-01-22 19:00:00,0.0005292844113710279,0.0
2025-01-23 16:00:00,0.0013417421743683706,0.0021260761666410666
2025-01-23 19:00:00,0.00037480454422739434,0.0
2025-01-24 16:00:00,0.003858012237742679,-0.005651212134788364
2025-01-24 19:00:00,-0.0034230176673906657,0.0
2025-01-27 16:00:00,-0.024390681218785213,-0.02911449834027724
2025-01-27 19:00:00,-0.00782184938786786,0.0
2025-01-28 16:00:00,0.01609044320738144,0.014779823117886615
2025-01-28 19:00:00,0.004342348111712514,0.0
2025-01-29 16:00:00,-0.0061805719596423605,-0.001878043002776164
2025-01-29 19:00:00,0.004076589301722375,0.0
2025-01-30 16:00:00,0.003935028119739392,0.004262433717854286
2025-01-30 19:00:00,0.0023235705747305145,0.0
2025-01-31 16:00:00,0.01749442584149239,-0.0014530149796943004
2025-01-31 19:00:00,-0.007565339869818401,0.0
2025-02-03 16:00:00,-0.010056813455460166,-0.00800326990070499
2025-02-03 19:00:00,0.006690367248253939,0.0
2025-02-04 16:00:00,0.012630656648448152,0.012275452646734353
2025-02-04 19:00:00,3.216010059260414e-05,0.0
2025-02-05 16:00:00,0.0054737150792429105,0.004537895940105452
2025-02-05 19:00:00,-0.0015613734256981697,0.0
2025-02-06 16:00:00,-0.0007290974304461271,0.005219742921635406
2025-02-06 19:00:00,-0.0022074054518972704,0.0
2025-02-07 16:00:00,0.007115645739587036,-0.012613540104501442
2025-02-07 19:00:00,-0.0008380191013690693,0.0
2025-02-10 16:00:00,0.004722286262890892,0.012105175235749943
2025-02-10 19:00:00,0.000636482747631396,0.0
2025-02-11 16:00:00,-0.007855464618066871,-0.002380649914297095
2025-02-11 19:00:00,0.0007712765543432978,0.0
2025-02-12 16:00:00,-0.00019631756904282385,0.0005870845807283143
2025-02-12 19:00:00,0.002335503773913316,0.0
2025-02-13 16:00:00,0.006761442940214977,0.014385873648250946
2025-02-13 19:00:00,0.0002454992755542366,0.0
2025-02-14 16:00:00,0.001434689732189985,0.0041984317323002784
2025-02-14 19:00:00,0.0016875008405285892,0.0
2025-02-18 16:00:00,-0.0015689656759952065,0.0022671836424450476
2025-02-18 19:00:00,0.0014862343987095403,0.0
2025-02-19 16:00:00,-0.0024987963341047198,0.00027807958353354145
2025-02-19 19:00:00,-0.0017673232403295884,0.0
2025-02-20 16:00:00,-0.02340432194569516,-0.004244509199203383
2025-02-20 19:00:00,0.00225000177786268,0.0
2025-02-21 16:00:00,-0.009335740905544638,-0.02075474886732176
2025-02-21 19:00:00,-0.012422333453852416,0.0
2025-02-24 16:00:00,-0.012569293007050699,-0.011804261782660252
2025-02-24 19:00:00,-0.0009703346333864622,0.0
2025-02-25 16:00:00,-0.014049545610432026,-0.012599282323468963
2025-02-25 19:00:00,0.002204501144527974,0.0
2025-02-26 16:00:00,-0.0010779696255619469,0.002415629969012789
2025-02-26 19:00:00,-0.006132495115034118,0.0
2025-02-28 19:00:00,-0.00019113333095057664,0.0
2025-03-03 16:00:00,0.005981310911331213,-0.021882471243728108
2025-03-03 19:00:00,-0.007063969653234121,0.0
2025-03-04 16:00:00,-0.008532667691051559,-0.0030178064402743843
2025-03-04 19:00:00,0.006627260236465723,0.0
2025-03-05 16:00:00,-0.006600154572685645,0.01303607447374544
2025-03-05 19:00:00,0.0061344338290221494,0.0
2025-03-06 16:00:00,-0.008753999524160708,-0.027509434003765487
2025-03-06 19:00:00,-0.005794988688496125,0.0
2025-03-07 16:00:00,-0.002775545309002312,0.0073535736084588965
2025-03-07 19:00:00,0.0044384730605915215,0.0
2025-03-10 16:00:00,-0.0032913486537283795,-0.03875634376407777
2025-03-10 19:00:00,-0.005419008348887372,0.0
2025-03-11 16:00:00,-0.010083702938452222,-0.002390435713714223
2025-03-11 19:00:00,0.0007684217408601833,0.0
2025-03-12 16:00:00,-0.0009489930655617471,0.011280804135902489
2025-03-12 19:00:00,8.7459394305501e-05,0.0
2025-03-13 16:00:00,-0.0020533780023111155,-0.01799051737433066
2025-03-13 19:00:00,-0.0004961462509517746,0.0
2025-03-14 16:00:00,0.008518033325370803,0.02417047314954357
2025-03-14 19:00:00,0.0002412396514447139,0.0
2025-03-17 16:00:00,0.005829118180227089,0.006483679566967826
2025-03-17 19:00:00,0.0020898040684497817,0.0
2025-03-18 16:00:00,-0.003926022944553433,-0.017047340713834735
2025-03-18 19:00:00,0.00011547940965453926,0.0
2025-03-19 16:00:00,-0.0020943056709437366,0.013381325105778386
2025-03-19 19:00:00,0.0016622953607895192,0.0
2025-03-20 16:00:00,-0.0009289712048808329,-0.0033894642457477087
2025-03-20 19:00:00,0.0015205359414612193,0.0
2025-03-21 16:00:00,-0.0016791865175174356,0.0032966727739154322
2025-03-21 19:00:00,0.0001159299046180394,0.0
2025-03-24 16:00:00,0.006084840548238688,0.021944344136081595
2025-03-24 19:00:00,-0.0003899687637457982,0.0
2025-03-25 16:00:00,0.00014723475417591876,0.005706564262312863
2025-03-25 19:00:00,0.00034579711795769,0.0
2025-03-26 16:00:00,-0.004169579296181371,-0.01840064756317239
2025-03-26 19:00:00,2.3341933581318757e-06,0.0
2025-03-27 16:00:00,0.001442160631456741,-0.005698036681830332
2025-03-27 19:00:00,0.0010846903442112887,0.0
2025-03-28 16:00:00,-0.005623426072506267,-0.026327739554310003
2025-03-28 19:00:00,-0.0008543881931850862,0.0
2025-03-31 16:00:00,-0.004298385609524204,-4.264771653805788e-05
2025-03-31 19:00:00,0.0034624029376624445,0.0
2025-04-01 16:00:00,-0.0004589924481111098,0.008061023451692906
2025-04-01 19:00:00,-5.538979098529373e-05,0.0
2025-04-02 16:00:00,0.0007032181094682087,0.007298440559752484
2025-04-02 19:00:00,0.00018472581200385272,0.0
2025-04-03 16:00:00,-0.0010731332530421955,-0.053533494968965645
2025-04-03 19:00:00,-0.000801387842363363,0.0
2025-04-04 16:00:00,-0.04286874966300205,-0.062108900928613764
2025-04-04 19:00:00,-0.009524521096473434,0.0
2025-04-07 16:00:00,-0.02285713135656113,0.002413208650886345
2025-04-07 19:00:00,0.01037167240101884,0.0
2025-04-08 16:00:00,0.004377837957226088,-0.01800850757954109
2025-04-08 19:00:00,-0.01641142313484227,0.0
2025-04-09 16:00:00,-0.000501024350646871,0.12003081070898869
2025-04-09 19:00:00,0.026754310029218062,0.0
2025-04-10 16:00:00,-0.013696061598373357,-0.04253217707320933
2025-04-10 19:00:00,0.005494011233419764,0.0
2025-04-11 16:00:00,0.009130002137662697,0.018423095994987593
2025-04-11 19:00:00,0.00023754486176055459,0.0
2025-04-14 16:00:00,0.005365582024041808,0.006778241955879949
2025-04-14 19:00:00,0.003419488232579715,0.0
2025-04-15 16:00:00,0.002969911457122697,0.0011146589026600484
2025-04-15 19:00:00,0.00016291263203891367,0.0
2025-04-16 16:00:00,-0.003807580347777469,-0.030153494510315126
2025-04-16 19:00:00,-0.005464214056015202,0.0
2025-04-17 16:00:00,0.006697210193684752,-0.00018003120862719602
2025-04-17 19:00:00,-0.0017696585828659915,0.0
2025-04-21 16:00:00,-0.010447782628528534,-0.0247467833712518
2025-04-21 19:00:00,0.0014094659634263662,0.0
2025-04-22 16:00:00,0.012249932897624452,0.026252138108081358
2025-04-22 19:00:00,-0.0009439680170312817,0.0
2025-04-23 16:00:00,0.0005553332261872768,0.022678128151089494
2025-04-23 19:00:00,-4.511976490618027e-05,0.0
2025-04-24 16:00:00,0.006686717181869017,0.02813711556464016
2025-04-24 19:00:00,-7.57013679310422e-05,0.0
2025-05-01 19:00:00,-0.004857096664156231,0.0
2025-05-02 16:00:00,0.002990250715977416,0.0148439061758463
2025-05-02 19:00:00,0.002296774256306523,0.0
2025-05-05 16:00:00,-0.001257252083808691,-0.0059325523884241615
2025-05-05 19:00:00,-0.0009562893945626395,0.0
2025-05-06 16:00:00,-0.013787009298840826,-0.009301704399633182
2025-05-06 19:00:00,0.0010942149258463896,0.0
2025-05-07 16:00:00,0.006960179084461577,0.003925973536275329
2025-05-07 19:00:00,-0.0007690276717260714,0.0
2025-05-08 16:00:00,0.008766694911938435,0.010324859508908713
2025-05-08 19:00:00,-0.004172568922941875,0.0
2025-05-09 16:00:00,-0.0017879102614754964,-0.0006553854317397079
2025-05-09 19:00:00,0.0013322112331143321,0.0
2025-05-12 16:00:00,-0.0031267895620827636,0.040740191909277135
2025-05-12 19:00:00,0.00106983692885113,0.0
2025-05-13 16:00:00,0.0043474072540718636,0.015240670155279634
2025-05-13 19:00:00,-0.00025274441711382347,0.0
2025-05-14 16:00:00,-0.0019618607656235335,0.005993227784474309
2025-05-14 19:00:00,0.0015712301114370478,0.0
2025-05-15 16:00:00,0.008299071168301234,0.001098871121017364
2025-05-15 19:00:00,-0.0030496464168626404,0.0
2025-05-16 16:00:00,0.005582591118194824,0.004352556998949986
2025-05-16 19:00:00,5.802371365403636e-05,0.0
2025-05-19 16:00:00,-9.019089542215977e-06,0.0009587756987534668
2025-05-19 19:00:00,-0.00015623608130792358,0.0
2025-05-20 16:00:00,0.0006077212178593183,-0.00333319799965881
2025-05-20 19:00:00,0.0008276148328697354,0.0
2025-05-21 16:00:00,0.001913213053726201,-0.013896822836583222
2025-05-21 19:00:00,-0.012083789049177564,0.0
2025-05-22 16:00:00,0.001979350154884308,0.0018713650816695182
2025-05-22 19:00:00,-0.003239627428764542,0.0
2025-05-23 16:00:00,-0.00444756462360378,-0.009260874673980846
2025-05-23 19:00:00,-0.0023588778127025148,0.0
2025-05-27 16:00:00,0.016627585051226676,0.023525300178928177
2025-05-27 19:00:00,0.003284511150405565,0.0
2025-05-28 16:00:00,-0.006740378621916144,-0.004432001511766925
2025-05-28 19:00:00,-0.006081480260242383,0.0
2025-05-29 16:00:00,0.00046398305285163995,0.00196575945209454
2025-05-29 19:00:00,-0.007861261626476684,0.0
2025-05-30 16:00:00,-0.0014823322167765954,-0.0015771328344753588
2025-05-30 19:00:00,0.020173652515732107,0.0
2025-06-02 16:00:00,0.011121400427296731,0.007898238554510106
2025-06-02 19:00:00,0.006682962061782507,0.0
2025-06-03 16:00:00,0.006857527456877179,0.007817028316371655
2025-06-03 19:00:00,-0.0026772973253809465,0.0
2025-06-04 16:00:00,-0.004759623615704211,0.0027878233951805775
2025-06-04 19:00:00,-0.0007992626881051814,0.0
2025-06-05 16:00:00,-0.017628588659416942,-0.007526898037846896
2025-06-05 19:00:00,-0.006285070467882984,0.0
2025-06-06 16:00:00,0.0064490895240086705,0.00977527831530467
2025-06-06 19:00:00,0.0021895099349256097,0.0
2025-06-09 16:00:00,-0.001110501881276332,0.0014719207479216845
2025-06-09 19:00:00,-0.004481073746528134,0.0
2025-06-10 16:00:00,-0.00852038629759891,0.006613908216917874
2025-06-10 19:00:00,0.0042665934082866475,0.0
2025-06-11 16:00:00,0.01090714439945342,-0.0033695595092393393
2025-06-11 19:00:00,-0.003542077271703894,0.0
2025-06-12 16:00:00,0.005030193058760768,0.0023479247591817742
2025-06-12 19:00:00,-0.0038276701102720216,0.0
2025-06-13 16:00:00,0.004052614250364889,-0.012554722675506502
2025-06-13 19:00:00,-0.007447978030570872,0.0
2025-06-16 16:00:00,0.014985179141208472,0.0139098668155766
2025-06-16 19:00:00,-0.002925874085038443,0.0
2025-06-17 16:00:00,-0.006615611628803369,-0.00975130878047703
2025-06-17 19:00:00,0.0004292950752800895,0.0
2025-06-18 16:00:00,0.005093751222697234,-0.00017018681302272132
2025-06-18 19:00:00,-0.0022442371828467846,0.0
2025-06-20 16:00:00,0.0012749321110926473,-0.004083094481222238
2025-06-20 19:00:00,-0.0008026294071309665,0.0
2025-06-23 16:00:00,-3.7254421231856264e-06,0.010282490014051016
2025-06-23 19:00:00,0.012108470174002987,0.0
2025-06-24 16:00:00,0.017273692066904774,0.01529195825703722
2025-06-24 19:00:00,0.0031591835415258236,0.0
2025-06-25 16:00:00,0.0015488958178862366,0.002556406607959083
2025-06-25 19:00:00,0.0011981386586773864,0.0
2025-06-26 16:00:00,0.005184526725359179,0.009350343290254415
2025-06-26 19:00:00,0.0021977460398758183,0.0
2025-06-27 16:00:00,0.0029548143198779046,0.003423728042746488
2025-06-27 19:00:00,-0.006732759037655636,0.0
2025-06-30 19:00:00,-0.0015880921238631096,0.0
2025-07-01 16:00:00,-0.024967686848395593,-0.008429359045287077
2025-07-01 19:00:00,-0.00438192324538823,0.0
2025-07-02 16:00:00,0.013661240559371025,0.00696522109814679
2025-07-02 19:00:00,-0.002373747979178446,0.0
2025-07-07 16:00:00,0.00010381391676826978,0.0022333285715649964
2025-07-07 19:00:00,0.00038012698306980525,0.0
2025-07-08 16:00:00,0.0056697649706813815,0.0005614937018163513
2025-07-08 19:00:00,-0.001018771979130555,0.0
2025-07-09 16:00:00,0.002402442075827308,0.007078981180577593
2025-07-09 19:00:00,0.0017221727857554391,0.0
2025-07-10 16:00:00,-0.007745356446785919,-0.0014381827793369384
2025-07-10 19:00:00,-0.0024869273908552894,0.0
2025-07-11 16:00:00,0.007623114871082113,-0.0022504314979336915
2025-07-11 19:00:00,-0.0027807085451290576,0.0
2025-07-14 16:00:00,-0.002682014606488758,0.0036269176642658163
2025-07-14 19:00:00,0.00029659608125757314,0.0
2025-07-15 16:00:00,0.006349898694463177,0.0009167630015836092
2025-07-15 19:00:00,-0.0014616659507456985,0.0
2025-07-16 16:00:00,-0.007741337079988731,0.0010238470867451888
2025-07-16 19:00:00,0.008520736557240734,0.0
2025-07-17 16:00:00,0.007317497316006197,0.008092810856346722
2025-07-17 19:00:00,-0.001434469287120312,0.0
2025-07-18 16:00:00,-0.002142089730985491,-0.0009612239890403051
2025-07-18 19:00:00,0.0007570363743425646,0.0
2025-07-21 16:00:00,0.006159465564629765,0.005184767786480915
2025-07-21 19:00:00,-0.007143750508821238,0.0
2025-07-22 16:00:00,-0.014988180125101204,-0.005175810544403081
2025-07-22 19:00:00,0.0006737697995503525,0.0
2025-07-23 16:00:00,-3.25952095808389e-05,0.004561403929531416
2025-07-23 19:00:00,0.0031328568995028813,0.0
2025-07-24 16:00:00,-0.0003744021537928037,0.0021282933771897827
2025-07-24 19:00:00,-0.0012832720291474542,0.0
2025-07-25 16:00:00,0.009297401343016069,0.0024070586551074857
2025-07-25 19:00:00,0.0024001606517933282,0.0
2025-07-28 16:00:00,0.012293608553865805,0.003125075958207768
2025-07-28 19:00:00,0.002616377614463311,0.0
2025-07-29 16:00:00,0.0006820828227679408,-0.0015488393235895126
2025-07-29 19:00:00,-0.0021616560592059584,0.0
2025-07-30 16:00:00,0.010981867397084656,0.0013398364260559514
2025-07-30 19:00:00,-0.0005010408164038202,0.0
2025-07-31 16:00:00,-0.019726599042067368,-0.005299178571309349
2025-07-31 19:00:00,-0.012310632916033463,0.0
2025-08-01 16:00:00,-0.023944778048189314,-0.01969872349438906
2025-08-01 19:00:00,0.00023988889918296702,0.0
2025-08-04 16:00:00,0.00927599425482244,0.018451496636490816
2025-08-04 19:00:00,0.0014161808839936263,0.0
2025-08-05 16:00:00,-0.011156469084656239,-0.006789424264501687
2025-08-05 19:00:00,0.004195272072068076,0.0
2025-08-06 16:00:00,-0.007744469546500498,0.012583218785727324
2025-08-06 19:00:00,0.003126583154402473,0.0
2025-08-07 16:00:00,-0.009770745527413615,0.00338428745865893
2025-08-07 19:00:00,0.0022568716192243607,0.0
2025-08-08 16:00:00,0.009286248180159929,0.009328174923325827
2025-08-08 19:00:00,0.0032333008252414413,0.0
2025-08-11 16:00:00,0.004963401411779728,-0.0029588640688156254
2025-08-11 19:00:00,-0.005478113682416363,0.0
2025-08-12 16:00:00,0.004214211031000938,0.012568779990863588
2025-08-12 19:00:00,0.003928487158689988,0.0
2025-08-13 16:00:00,-0.0071575636853947735,0.0004999831229326457
2025-08-13 19:00:00,0.0029171880189589753,0.0
2025-08-14 16:00:00,-0.003079046878469375,-0.0007753245630496286
2025-08-14 19:00:00,-0.0012656225841655084,0.0
2025-08-15 16:00:00,-0.01805328676430195,-0.004397372106710207
2025-08-15 19:00:00,-0.0021134095412052973,0.0
2025-08-18 16:00:00,-0.007847449823814728,-0.00039857868177384237
2025-08-18 19:00:00,0.002640866450190359,0.0
2025-08-19 16:00:00,-0.03031927331203636,-0.013567468608822408
2025-08-19 19:00:00,-0.0009052086130336282,0.0
2025-08-20 16:00:00,-0.02366678869661575,-0.005937364847378057
2025-08-20 19:00:00,0.006832456903443611,0.0
2025-08-21 16:00:00,-0.009264546000140931,-0.0046296631665966315
2025-08-21 19:00:00,0.003773185037069628,0.0
2025-08-22 16:00:00,0.02078213527629222,0.015427374041043773
2025-08-22 19:00:00,0.00038719463223483165,0.0
2025-08-25 16:00:00,-0.0020505157104724406,-0.002884814619531939
2025-08-25 19:00:00,-0.0053044591663531405,0.0
2025-08-26 16:00:00,0.0018908924718670085,0.004015322766916629
2025-08-26 19:00:00,-0.0010948572397195375,0.0
2025-08-27 16:00:00,-0.005005532198120493,0.0015368553031980259
2025-08-27 19:00:00,0.002022923539560181,0.0
2025-08-29 19:00:00,-0.001098376094153974,0.0
2025-09-02 16:00:00,-0.009016223639129791,-0.008380278381507678
2025-09-02 19:00:00,0.004944296735184154,0.0
2025-09-03 16:00:00,0.0023663524468914097,0.00786761737495989
2025-09-03 19:00:00,0.001170151342741594,0.0
2025-09-04 16:00:00,0.0010406253496838044,0.009051423988817309
2025-09-04 19:00:00,0.00696019737543204,0.0
2025-09-05 16:00:00,0.0006209455437828304,0.0014429547833749723
2025-09-05 19:00:00,0.0022605821455559095,0.0
2025-09-08 16:00:00,0.0057200111627552005,0.0048779047462865766
2025-09-08 19:00:00,-0.0002556347792233475,0.0
2025-09-09 16:00:00,0.0028615720486751058,0.0028331998384107937
2025-09-09 19:00:00,0.0028391619572345392,0.0
2025-09-10 16:00:00,-0.008063147567455785,0.00032726103383495797
2025-09-10 19:00:00,-0.0004744262770021979,0.0
2025-09-11 16:00:00,0.011096512436982517,0.005820601196256048
2025-09-11 19:00:00,0.004651240468926743,0.0
2025-09-12 16:00:00,0.00403994165065261,0.004417051541102168
2025-09-12 19:00:00,0.001152329624114041,0.0
2025-09-15 16:00:00,0.007983619937920971,0.008557048327277883
2025-09-15 19:00:00,0.002058750304636421,0.0
2025-09-16 16:00:00,-0.002473345098069345,-0.0008451562660121148
2025-09-16 19:00:00,0.0013931732844575018,0.0
2025-09-17 16:00:00,-0.00568329774549083,-0.0019959164697831433
2025-09-17 19:00:00,0.0015056805579887714,0.0
2025-09-18 16:00:00,0.015140558467507238,0.009016956752725847
2025-09-18 19:00:00,-0.0017414484951375389,0.0
2025-09-19 16:00:00,0.0005224126248107556,0.006769344739967931
2025-09-19 19:00:00,0.0012214646661481612,0.0
2025-09-22 16:00:00,0.001617427473802123,0.005920011498854905
2025-09-22 19:00:00,0.00017432997362503165,0.0
2025-09-23 16:00:00,0.0024006749129757295,-0.006642243475046938
2025-09-23 19:00:00,-0.002811976013157845,0.0
2025-09-24 16:00:00,-0.0028082344734190736,-0.0035106205389333622
2025-09-24 19:00:00,0.002358818080776115,0.0
2025-09-25 16:00:00,-0.0023114306862369364,-0.004311285650355434
2025-09-25 19:00:00,5.4375596726972096e-05,0.0
2025-09-26 16:00:00,0.004512721907854406,0.00411094326404049
2025-09-26 19:00:00,0.0027235883386444973,0.0
2025-09-29 16:00:00,0.003918534529099859,0.0046311412201716085
2025-09-29 19:00:00,-0.0006229056060641914,0.0
2025-09-30 16:00:00,-0.0020650193573428155,0.0027391121948929786
2025-09-30 19:00:00,0.0036523193795419445,0.0
2025-10-01 16:00:00,0.004270810643925102,0.0047970211135095475
2025-10-01 19:00:00,0.0035897835251497393,0.0
2025-10-02 16:00:00,0.004083583118312436,0.004111061470398525
2025-10-02 19:00:00,0.000601849765159348,0.0
2025-10-03 16:00:00,-0.00018295427587145105,-0.004209752096300146
2025-10-03 19:00:00,-0.003785215619207643,0.0
2025-10-06 16:00:00,0.010807809332029152,0.007510193991054459
2025-10-06 19:00:00,-0.004270540230433845,0.0
2025-10-07 16:00:00,-0.0053821054433470196,-0.0052656354759481605
2025-10-07 19:00:00,-0.0008139633324451497,0.0
2025-10-08 16:00:00,0.005968005688459741,0.011463827502024904
2025-10-08 19:00:00,0.0015917158537648033,0.0
2025-10-09 16:00:00,-0.004708489201976985,-0.0012103017478460876
2025-10-09 19:00:00,0.0019373958172235316,0.0
2025-10-10 16:00:00,-0.017119363570543535,-0.034714276250361054
2025-10-10 19:00:00,-0.005397752828800643,0.0
2025-10-13 16:00:00,0.01388462868187758,0.02122136359960769
2025-10-13 19:00:00,0.00013148050770916695,0.0
2025-10-14 16:00:00,0.001930093496005616,-0.006660988524603506
2025-10-14 19:00:00,-0.003490979728046846,0.0
2025-10-15 16:00:00,0.0085973686656429,0.007056803636168452
2025-10-15 19:00:00,0.0024518212229904554,0.0
2025-10-16 16:00:00,0.0012980114265855193,-0.003702934704380212
2025-10-16 19:00:00,-0.0032117707159520317,0.0
2025-10-17 16:00:00,-0.0008633660189963691,0.006566786726718066
2025-10-17 19:00:00,0.0012740790262213866,0.0
2025-10-20 16:00:00,0.005608350643188447,0.01260071663217488
2025-10-20 19:00:00,-0.0002225192945930105,0.0
2025-10-21 16:00:00,-0.002395929672171135,-0.0002615279669033743
2025-10-21 19:00:00,-0.0004506011103708741,0.0
2025-10-22 16:00:00,-0.00775804833752057,-0.009633983978945992
2025-10-22 19:00:00,0.0021017467675788176,0.0
2025-10-23 16:00:00,0.008536909745076739,0.008406490261045452
2025-10-23 19:00:00,0.0018153133170823177,0.0
2025-10-24 16:00:00,0.013613422922412034,0.010678248172756977
2025-10-24 19:00:00,-0.0025441371147623838,0.0
2025-10-27 16:00:00,0.011989627873186321,0.017809259983306847
2025-10-27 19:00:00,0.0012184986189340892,0.0
2025-10-29 19:00:00,-0.0008703918615366746,0.0
2025-10-30 16:00:00,0.000782018629422552,-0.015288588840218331
2025-10-30 19:00:00,-0.0073517881287215765,0.0
2025-10-31 16:00:00,0.001596695469045523,0.004823894560769926
2025-10-31 19:00:00,0.003942963421136045,0.0
2025-11-03 16:00:00,0.001914104050097026,0.004784803808179916
2025-11-03 19:00:00,0.0004101029972194643,0.0
2025-11-04 16:00:00,-0.012428742937598823,-0.02029804094164056
2025-11-04 19:00:00,-0.004123781519022783,0.0
2025-11-05 16:00:00,0.006379783180118646,0.0065079158770231516
2025-11-05 19:00:00,0.0042497839050606966,0.0
2025-11-06 16:00:00,-0.005827292621549138,-0.018627312554173714
2025-11-06 19:00:00,0.007079032893970845,0.0
2025-11-07 16:00:00,-0.020475191262352328,-0.0031553529497220234
2025-11-07 19:00:00,0.011025428317432386,0.0
2025-11-10 16:00:00,0.011581621478870936,0.02212420912838109
2025-11-10 19:00:00,0.003305751511422427,0.0
2025-11-11 16:00:00,-0.008812659215001314,-0.002663499728031149
2025-11-11 19:00:00,0.0021280939201889096,0.0
2025-11-12 16:00:00,-0.0016111718808565008,-0.0007883430627531052
2025-11-12 19:00:00,-0.00090134665388311,0.0
2025-11-13 16:00:00,-0.01122370541594667,-0.020415970943100548
2025-11-13 19:00:00,-0.004585332046455934,0.0
2025-11-14 16:00:00,0.0058528375740160305,0.000755986820957899
2025-11-14 19:00:00,-0.001458271994040889,0.0
2025-11-17 16:00:00,0.0009093050682734756,-0.008540533986380883
2025-11-17 19:00:00,-0.011504518667061965,0.0
2025-11-18 16:00:00,-0.0010669884965704487,-0.012175682873204807
2025-11-18 19:00:00,0.0030395824128359758,0.0
2025-11-19 16:00:00,0.0015666022095424698,0.00597005013235119
2025-11-19 19:00:00,-0.001761244617334867,0.0
2025-11-20 16:00:00,-0.006586269400748456,-0.02367185214103551
2025-11-20 19:00:00,-0.005468896693936225,0.0
2025-11-21 16:00:00,-0.0013701204021523226,0.007512780084459658
2025-11-21 19:00:00,0.0022599649943373986,0.0
2025-11-24 16:00:00,0.012826325141522968,0.02557319233119082
2025-11-24 19:00:00,0.000977101817444972,0.0
2025-11-25 16:00:00,0.001327937120034659,0.006163691379971414
2025-11-25 19:00:00,0.005465344247634335,0.0
2025-11-26 16:00:00,0.013556698771744289,0.008835800725809806
2025-11-26 19:00:00,0.0017266365238751003,0.0
2025-12-01 16:00:00,0.0036935209359363406,0.004721004850142929
2025-12-01 19:00:00,-0.0029541221267015633,0.0
2025-12-02 16:00:00,0.005063908702154052,0.00782605526928104
2025-12-02 19:00:00,0.0045795262907556596,0.0
2025-12-03 16:00:00,-0.00043318865839762466,0.002443765729801317
2025-12-03 19:00:00,0.003150509411262888,0.0
2025-12-04 16:00:00,-0.0016377129503915193,-0.0009302524345002894
2025-12-04 19:00:00,-0.0023334424215376995,0.0
2025-12-05 16:00:00,0.005410392197271972,0.004077457766594739
2025-12-05 19:00:00,0.00015360226741485656,0.0
2025-12-08 16:00:00,-0.003628826355108404,-0.001918477552493636
2025-12-08 19:00:00,-0.0008861276604360228,0.0
2025-12-09 16:00:00,0.003256922797637057,0.0012333770890635698
2025-12-09 19:00:00,-0.0002306041886000314,0.0
2025-12-10 16:00:00,0.001430973088619776,0.00409566545250617
2025-12-10 19:00:00,0.00601056629883615,0.0
2025-12-11 16:00:00,-0.006351456855316156,-0.0032344222925078103
2025-12-11 19:00:00,0.0028067830857314013,0.0
2025-12-12 16:00:00,-0.008662751786422408,-0.01911830575749185
2025-12-12 19:00:00,0.0011266226396126867,0.0
2025-12-15 16:00:00,-0.00035136921653573317,-0.005019414151365642
2025-12-15 19:00:00,0.0019427816033071523,0.0
2025-12-16 16:00:00,-0.004961389685284986,0.001981839031308219
2025-12-16 19:00:00,-0.0009662335146316515,0.0
2025-12-17 16:00:00,-0.004786839724663931,-0.01853703515928795
2025-12-17 19:00:00,-0.0023175338072738806,0.0
2025-12-18 16:00:00,0.008897656806627565,0.014490161748346608
2025-12-18 19:00:00,-0.003353878546741841,0.0
2025-12-19 16:00:00,0.00807990727638195,0.013035355219223943
2025-12-19 19:00:00,0.0011713872413152302,0.0
2025-12-22 16:00:00,0.004495890306186509,0.004793528365299782
2025-12-22 19:00:00,4.6480886011554735e-05,0.0
2025-12-23 16:00:00,-0.0005945280534154814,0.004683327588380415
2025-12-23 19:00:00,-0.0002718803149790789,0.0
