date,open,high,low,close,volume,transactions
2021-03-01 05:00:00-05:00,153.81,153.81,153.81,153.81,355.0,5
2021-03-01 06:00:00-05:00,153.3,153.3,153.3,153.3,300.0,1
2021-03-01 07:00:00-05:00,153.12,153.27,153.12,153.27,655.0,7
2021-03-01 08:00:00-05:00,153.22,153.22,153.22,153.22,182.0,1
2021-03-01 09:00:00-05:00,153.42,153.46,149.79,152.48,714367.0,5308
2021-03-01 10:00:00-05:00,152.54,153.345,152.23,153.09,347136.0,4771
2021-03-01 11:00:00-05:00,153.09,153.58,153.08,153.365,226617.0,3445
2021-03-01 12:00:00-05:00,153.39,153.495,152.96,153.1,256329.0,2615
2021-03-01 13:00:00-05:00,153.06,153.265,152.87,153.12,387432.0,5402
2021-03-01 14:00:00-05:00,153.14,153.16,152.25,152.49,349600.0,5559
2021-03-01 15:00:00-05:00,152.49,152.75,151.92,151.98,672155.0,9156
2021-03-01 16:00:00-05:00,151.97,152.0,151.97,151.97,28786.0,28
2021-03-02 06:00:00-05:00,152.8,153.26,152.8,152.84,537.0,5
2021-03-02 09:00:00-05:00,152.02,152.81,151.7,151.98,213982.0,2441
2021-03-02 10:00:00-05:00,151.98,152.32,151.4,151.77,397774.0,5904
2021-03-02 11:00:00-05:00,151.76,151.905,151.04,151.28,253677.0,4502
2021-03-02 12:00:00-05:00,151.25,151.44,150.92,150.94,262982.0,4033
2021-03-02 13:00:00-05:00,150.94,151.34,150.9,151.18,220850.0,3841
2021-03-02 14:00:00-05:00,151.18,151.31,150.91,151.105,162222.0,3079
2021-03-02 15:00:00-05:00,151.09,151.3,150.37,150.4,610728.0,8048
2021-03-02 16:00:00-05:00,150.37,151.0,150.37,150.37,34246.0,35
2021-03-03 08:00:00-05:00,150.85,150.99,150.85,150.95,6047.0,78
2021-03-03 09:00:00-05:00,150.96,150.96,149.24,149.25,361348.0,4393
2021-03-03 10:00:00-05:00,149.25,149.545,148.71,149.13,391567.0,6154
2021-03-03 11:00:00-05:00,149.07,149.85,149.07,149.65,277889.0,3873
2021-03-03 12:00:00-05:00,149.65,149.65,148.65,148.7,246147.0,3832
2021-03-03 13:00:00-05:00,148.69,148.9,148.27,148.72,519089.0,7146
2021-03-03 14:00:00-05:00,148.74,148.91,148.34,148.9,506807.0,7453
2021-03-03 15:00:00-05:00,148.85,148.95,148.14,148.19,828543.0,11080
2021-03-03 16:00:00-05:00,148.19,148.8473,148.19,148.8473,117749.0,31
2021-03-04 04:00:00-05:00,149.12,149.12,149.07,149.07,603.0,5
2021-03-04 05:00:00-05:00,149.18,149.18,149.09,149.09,725.0,7
2021-03-04 07:00:00-05:00,148.0,148.0,148.0,148.0,333.0,7
2021-03-04 08:00:00-05:00,148.74,148.75,148.74,148.75,1162.0,19
2021-03-04 09:00:00-05:00,148.0,149.47,148.0,149.28,630325.0,6968
2021-03-04 10:00:00-05:00,149.31,150.03,149.02,149.94,612311.0,7625
2021-03-04 11:00:00-05:00,149.92,150.15,149.59,149.86,298202.0,4234
2021-03-04 12:00:00-05:00,149.88,149.98,147.79,148.06,343209.0,5477
2021-03-04 13:00:00-05:00,148.0,148.4,146.97,147.09,369270.0,4333
2021-03-04 14:00:00-05:00,147.08,148.37,147.015,148.245,449740.0,5561
2021-03-04 15:00:00-05:00,148.2,148.52,147.8,148.471,744266.0,10702
2021-03-04 16:00:00-05:00,148.46,149.073,148.43,149.073,13874.0,37
2021-03-05 09:00:00-05:00,149.41,149.71,148.43,148.71,396824.0,4501
2021-03-05 10:00:00-05:00,148.78,149.17,148.18,148.575,754398.0,9319
2021-03-05 11:00:00-05:00,148.52,149.04,148.24,148.95,200796.0,3582
2021-03-05 12:00:00-05:00,148.97,149.39,148.9,149.22,155524.0,2722
2021-03-05 13:00:00-05:00,149.23,149.62,149.03,149.5,149890.0,2687
2021-03-05 14:00:00-05:00,149.55,149.935,149.24,149.935,184708.0,2945
2021-03-05 15:00:00-05:00,149.935,150.56,149.86,150.1,685763.0,7836
2021-03-05 16:00:00-05:00,150.1,150.1,150.1,150.1,87079.0,37
2021-03-08 07:00:00-05:00,148.58,148.58,148.5,148.5,253.0,4
2021-03-08 09:00:00-05:00,148.91,150.24,148.91,149.93,171024.0,2124
2021-03-08 10:00:00-05:00,149.97,150.94,149.7306,150.745,509489.0,6060
2021-03-08 11:00:00-05:00,150.79,151.105,150.36,150.47,654673.0,6265
2021-03-08 12:00:00-05:00,150.47,150.78,150.36,150.645,443958.0,5184
2021-03-08 13:00:00-05:00,150.68,150.83,150.31,150.39,211541.0,2981
2021-03-08 14:00:00-05:00,150.37,150.75,150.27,150.57,332513.0,5180
2021-03-08 15:00:00-05:00,150.56,150.565,149.99,150.07,559161.0,7683
2021-03-08 16:00:00-05:00,150.06,150.44,150.06,150.44,129449.0,44
2021-03-09 09:00:00-05:00,152.3,153.6,152.28,153.06,429578.0,4381
2021-03-09 10:00:00-05:00,153.01,153.77,152.58,152.66,428533.0,6013
2021-03-09 11:00:00-05:00,152.61,153.05,152.39,152.73,428241.0,5205
2021-03-09 12:00:00-05:00,152.76,153.11,152.67,152.7,431584.0,4557
2021-03-09 13:00:00-05:00,152.75,152.965,152.68,152.69,229448.0,3600
2021-03-09 14:00:00-05:00,152.675,152.75,152.3,152.61,283709.0,4301
2021-03-09 15:00:00-05:00,152.63,152.92,152.39,152.61,846191.0,10905
2021-03-09 16:00:00-05:00,152.61,152.797,152.61,152.61,636982.0,39
2021-03-10 08:00:00-05:00,152.19,152.19,152.18,152.18,270.0,6
2021-03-10 09:00:00-05:00,153.98,154.97,153.62,153.9,178137.0,2066
2021-03-10 10:00:00-05:00,153.9,154.12,153.59,153.85,426697.0,4724
2021-03-10 11:00:00-05:00,153.87,153.97,153.55,153.855,422374.0,4558
2021-03-10 12:00:00-05:00,153.89,153.98,153.52,153.92,438710.0,3111
2021-03-10 13:00:00-05:00,153.94,153.95,153.56,153.73,362567.0,3863
2021-03-10 14:00:00-05:00,153.68,153.73,153.35,153.7,260636.0,3223
2021-03-10 15:00:00-05:00,153.68,153.76,153.36,153.5,705034.0,9554
2021-03-10 16:00:00-05:00,153.48,153.48,153.48,153.48,14656.0,29
2021-03-10 17:00:00-05:00,153.48,153.48,153.48,153.48,144.0,1
2021-03-11 06:00:00-05:00,153.46,153.46,153.0,153.0,1000.0,5
2021-03-11 08:00:00-05:00,152.97,152.97,152.97,152.97,500.0,1
2021-03-11 09:00:00-05:00,152.41,152.76,151.89,152.03,69369.0,1029
2021-03-11 10:00:00-05:00,152.01,152.37,151.88,152.17,320951.0,3881
2021-03-11 11:00:00-05:00,152.19,152.71,152.08,152.57,581384.0,3309
2021-03-11 12:00:00-05:00,152.56,152.7,152.06,152.15,143604.0,1979
2021-03-11 13:00:00-05:00,152.14,152.5,152.07,152.38,217374.0,2865
2021-03-11 14:00:00-05:00,152.41,152.45,151.92,152.05,244270.0,3455
2021-03-11 15:00:00-05:00,152.05,152.05,151.26,151.48,757284.0,9965
2021-03-11 16:00:00-05:00,151.45,151.45,151.45,151.45,605449.0,33
2021-03-12 07:00:00-05:00,149.61,149.61,149.61,149.61,381.0,8
2021-03-12 09:00:00-05:00,150.7,150.98,149.865,150.41,175093.0,1893
2021-03-12 10:00:00-05:00,150.48,151.04,150.05,150.94,139842.0,2835
2021-03-12 11:00:00-05:00,150.935,151.08,150.55,150.85,191511.0,2801
2021-03-12 12:00:00-05:00,150.86,151.11,150.745,151.085,137407.0,1959
2021-03-12 13:00:00-05:00,151.06,151.51,151.055,151.32,180218.0,2612
2021-03-12 14:00:00-05:00,151.33,151.56,151.285,151.43,224668.0,3435
2021-03-12 15:00:00-05:00,151.425,151.78,151.31,151.58,303954.0,4773
2021-03-12 16:00:00-05:00,151.59,151.59,151.59,151.59,29801.0,32
2021-03-15 09:00:00-04:00,151.56,152.03,151.24,151.97,75814.0,988
2021-03-15 10:00:00-04:00,151.96,151.999,150.87,151.26,180542.0,2464
2021-03-15 11:00:00-04:00,151.25,151.43,150.58,150.655,115430.0,1857
2021-03-15 12:00:00-04:00,150.64,151.36,150.57,151.105,198367.0,2484
2021-03-15 13:00:00-04:00,151.08,151.79,151.08,151.545,140215.0,1852
2021-03-15 14:00:00-04:00,151.56,151.84,151.56,151.78,160528.0,2130
2021-03-15 15:00:00-04:00,151.78,152.23,151.53,152.18,540905.0,6153
2021-03-15 16:00:00-04:00,152.18,152.18,152.18,152.18,128348.0,30
2021-03-16 08:00:00-04:00,153.43,154.0,153.3,154.0,732.0,10
2021-03-16 09:00:00-04:00,154.18,155.67,154.14,155.331,337281.0,3064
2021-03-16 10:00:00-04:00,155.3079,155.33,154.56,154.87,782208.0,8528
2021-03-16 11:00:00-04:00,154.93,155.1,153.91,154.33,621113.0,6874
2021-03-16 12:00:00-04:00,154.27,154.65,154.06,154.56,426676.0,5587
2021-03-16 13:00:00-04:00,154.57,154.84,153.86,153.87,394727.0,4980
2021-03-16 14:00:00-04:00,153.87,153.92,153.14,153.22,517311.0,8095
2021-03-16 15:00:00-04:00,153.23,153.38,153.075,153.37,1280104.0,16059
2021-03-16 16:00:00-04:00,153.37,153.37,153.37,153.37,16078.0,37
2021-03-17 08:00:00-04:00,153.37,153.37,152.5,153.0,180400.0,43
2021-03-17 09:00:00-04:00,152.75,153.301,151.41,152.02,258514.0,3238
2021-03-17 10:00:00-04:00,151.935,152.02,151.41,151.68,388401.0,4444
2021-03-17 11:00:00-04:00,151.68,152.43,151.57,152.42,215178.0,2792
2021-03-17 12:00:00-04:00,152.41,153.0,152.21,152.77,166505.0,3546
2021-03-17 13:00:00-04:00,152.74,153.01,152.62,152.945,213415.0,3077
2021-03-17 14:00:00-04:00,152.945,153.69,152.73,153.285,176783.0,2937
2021-03-17 15:00:00-04:00,153.28,153.48,152.97,153.29,711387.0,8597
2021-03-17 16:00:00-04:00,153.23,153.23,153.23,153.23,21726.0,34
2021-03-18 07:00:00-04:00,151.63,151.64,151.63,151.64,628.0,10
2021-03-18 08:00:00-04:00,152.11,152.11,152.11,152.11,1159.0,3
2021-03-18 09:00:00-04:00,151.93,152.99,151.93,152.87,81192.0,1072
2021-03-18 10:00:00-04:00,152.87,152.88,152.1,152.35,178663.0,2107
2021-03-18 11:00:00-04:00,152.33,152.75,152.14,152.59,111590.0,1968
2021-03-18 12:00:00-04:00,152.545,153.09,151.81,151.88,157638.0,2105
2021-03-18 13:00:00-04:00,151.86,152.73,151.845,152.63,75099.0,1361
2021-03-18 14:00:00-04:00,152.63,152.7,151.75,152.12,105401.0,1947
2021-03-18 15:00:00-04:00,152.09,152.335,151.18,151.31,805807.0,9751
2021-03-18 16:00:00-04:00,151.27,151.27,151.27,151.27,18090.0,21
2021-03-19 09:00:00-04:00,150.8,152.07,150.59,150.71,304561.0,1682
2021-03-19 10:00:00-04:00,150.7,151.28,150.35,151.235,146116.0,2410
2021-03-19 11:00:00-04:00,151.23,151.66,151.1,151.64,156881.0,2114
2021-03-19 12:00:00-04:00,151.66,151.68,151.29,151.4,142233.0,1865
2021-03-19 13:00:00-04:00,151.41,151.685,151.18,151.57,104989.0,1640
2021-03-19 14:00:00-04:00,151.595,151.73,151.24,151.73,109039.0,1800
2021-03-19 15:00:00-04:00,151.73,151.755,150.74,150.98,682362.0,8770
2021-03-19 16:00:00-04:00,150.94,150.94,150.94,150.94,226351.0,52
2021-03-22 08:00:00-04:00,150.94,150.94,150.94,150.94,177535.0,4
2021-03-22 09:00:00-04:00,152.0,153.59,151.72,153.42,215178.0,2728
2021-03-22 10:00:00-04:00,153.5,154.03,153.35,153.76,446075.0,5570
2021-03-22 11:00:00-04:00,153.82,154.01,153.39,153.96,148982.0,2146
2021-03-22 12:00:00-04:00,153.945,154.47,153.87,154.4,87418.0,1551
2021-03-22 13:00:00-04:00,154.41,154.42,153.94,154.24,141627.0,1757
2021-03-22 14:00:00-04:00,154.24,154.45,154.18,154.38,142496.0,2010
2021-03-22 15:00:00-04:00,154.35,155.33,154.32,155.25,643480.0,6004
2021-03-22 16:00:00-04:00,155.25,155.25,155.25,155.25,105166.0,33
2021-03-23 08:00:00-04:00,153.11,153.11,153.11,153.11,924.0,11
2021-03-23 09:00:00-04:00,152.39,153.23,151.34,151.6,182745.0,1847
2021-03-23 10:00:00-04:00,151.61,151.75,151.25,151.6,321069.0,4388
2021-03-23 11:00:00-04:00,151.6,152.41,151.6,152.19,165406.0,2384
2021-03-23 12:00:00-04:00,152.23,152.9,152.22,152.68,169029.0,2329
2021-03-23 13:00:00-04:00,152.68,152.82,152.39,152.575,123691.0,1755
2021-03-23 14:00:00-04:00,152.58,153.36,152.51,153.03,283335.0,3284
2021-03-23 15:00:00-04:00,152.95,153.08,152.08,152.18,764159.0,9456
2021-03-23 16:00:00-04:00,152.18,152.18,152.18,152.18,166684.0,34
2021-03-24 08:00:00-04:00,152.26,152.26,152.2,152.25,1652.0,14
2021-03-24 09:00:00-04:00,152.03,152.03,151.14,151.28,90077.0,1153
2021-03-24 10:00:00-04:00,151.37,152.02,151.22,151.83,174572.0,2426
2021-03-24 11:00:00-04:00,151.83,152.32,151.83,151.99,201763.0,3106
2021-03-24 12:00:00-04:00,151.96,152.08,151.66,151.89,112601.0,2257
2021-03-24 13:00:00-04:00,151.85,151.9,151.41,151.9,75669.0,1413
2021-03-24 14:00:00-04:00,151.89,152.1,151.78,151.94,74292.0,1437
2021-03-24 15:00:00-04:00,151.91,152.02,151.425,151.54,286070.0,4671
2021-03-24 16:00:00-04:00,151.54,151.75,151.54,151.75,234613.0,43
2021-03-25 09:00:00-04:00,151.97,152.46,151.75,152.205,100936.0,1253
2021-03-25 10:00:00-04:00,152.235,152.49,152.045,152.27,376512.0,3676
2021-03-25 11:00:00-04:00,152.26,152.6,151.935,152.5783,234999.0,3204
2021-03-25 12:00:00-04:00,152.62,153.0,152.54,152.955,277632.0,3007
2021-03-25 13:00:00-04:00,152.95,153.06,152.49,152.51,157005.0,2897
2021-03-25 14:00:00-04:00,152.58,153.08,152.3004,153.02,180799.0,2525
2021-03-25 15:00:00-04:00,153.03,153.45,152.9,152.97,362914.0,5466
2021-03-25 16:00:00-04:00,152.97,152.97,152.97,152.97,180485.0,37
2021-03-25 17:00:00-04:00,152.97,152.97,152.97,152.97,124.0,1
2021-03-26 07:00:00-04:00,152.97,152.97,152.97,152.97,200.0,4
2021-03-26 09:00:00-04:00,151.94,153.48,151.8,153.01,110350.0,1418
2021-03-26 10:00:00-04:00,153.0363,153.085,152.52,152.785,79524.0,1779
2021-03-26 11:00:00-04:00,152.85,153.31,152.85,153.22,203010.0,2476
2021-03-26 12:00:00-04:00,153.28,153.895,153.28,153.57,188281.0,2957
2021-03-26 13:00:00-04:00,153.64,153.74,153.31,153.71,91060.0,1680
2021-03-26 14:00:00-04:00,153.72,153.84,153.27,153.69,148340.0,2338
2021-03-26 15:00:00-04:00,153.72,154.92,153.61,154.89,423837.0,5647
2021-03-26 16:00:00-04:00,154.875,154.875,154.875,154.875,67743.0,43
2021-03-26 17:00:00-04:00,154.88,154.88,154.88,154.88,309.0,1
2021-03-29 09:00:00-04:00,154.03,154.93,154.03,154.7,112198.0,1395
2021-03-29 10:00:00-04:00,154.655,155.26,154.62,155.06,355890.0,4156
2021-03-29 11:00:00-04:00,155.04,155.28,154.62,154.73,321569.0,3848
2021-03-29 12:00:00-04:00,154.74,155.23,154.48,155.165,167870.0,3337
2021-03-29 13:00:00-04:00,155.14,155.48,155.06,155.31,187757.0,1752
2021-03-29 14:00:00-04:00,155.33,155.63,155.23,155.38,184998.0,3246
2021-03-29 15:00:00-04:00,155.48,155.96,155.23,155.57,284440.0,3960
2021-03-29 16:00:00-04:00,155.57,155.57,155.57,155.57,11368.0,19
2021-03-30 08:00:00-04:00,154.3,154.61,154.3,154.6,1189.0,12
2021-03-30 09:00:00-04:00,154.0,155.19,153.47,153.47,179880.0,2194
2021-03-30 10:00:00-04:00,153.46,154.05,153.46,153.95,173144.0,3152
2021-03-30 11:00:00-04:00,153.915,154.15,153.71,153.96,148662.0,2609
2021-03-30 12:00:00-04:00,153.91,154.08,153.82,153.96,98021.0,1673
2021-03-30 13:00:00-04:00,153.96,154.43,153.75,153.8,195461.0,2029
2021-03-30 14:00:00-04:00,153.74,153.75,153.27,153.44,182508.0,2602
2021-03-30 15:00:00-04:00,153.47,153.67,153.165,153.44,443319.0,5690
2021-03-30 16:00:00-04:00,153.45,153.45,153.45,153.45,43467.0,26
2021-03-31 08:00:00-04:00,153.45,153.45,153.45,153.45,425.0,2
2021-03-31 09:00:00-04:00,153.6,154.0,153.43,153.7,206804.0,2197
2021-03-31 10:00:00-04:00,153.74,154.39,153.65,153.86,229230.0,3576
2021-03-31 11:00:00-04:00,153.88,153.98,153.54,153.76,274125.0,2740
2021-03-31 12:00:00-04:00,153.745,153.89,153.58,153.83,113350.0,1682
2021-03-31 13:00:00-04:00,153.82,153.94,153.6,153.76,121307.0,1723
2021-03-31 14:00:00-04:00,153.7,153.81,153.12,153.125,137276.0,1786
2021-03-31 15:00:00-04:00,153.25,153.335,152.77,152.83,433235.0,5663
2021-03-31 16:00:00-04:00,152.91,152.91,152.91,152.91,46774.0,42
2021-04-01 09:00:00-04:00,153.0,153.175,152.41,152.61,301294.0,3510
2021-04-01 10:00:00-04:00,152.81,153.26,152.49,153.15,297903.0,4182
2021-04-01 11:00:00-04:00,153.15,153.18,152.58,152.89,122199.0,2111
2021-04-01 12:00:00-04:00,152.86,152.95,152.6578,152.73,88950.0,1517
2021-04-01 13:00:00-04:00,152.74,153.21,152.66,153.04,173438.0,2162
2021-04-01 14:00:00-04:00,153.03,153.3,152.98,153.205,408634.0,3732
2021-04-01 15:00:00-04:00,153.18,153.73,153.08,153.28,390016.0,5690
2021-04-01 16:00:00-04:00,153.21,153.21,153.2,153.21,35494.0,27
2021-04-01 17:00:00-04:00,153.1,153.1,153.1,153.1,106.0,2
2021-04-05 07:00:00-04:00,153.1,153.1,153.1,153.1,125.0,1
2021-04-05 08:00:00-04:00,153.06,153.4,153.01,153.4,6742.0,64
2021-04-05 09:00:00-04:00,153.5,153.81,152.95,153.786,90079.0,1166
2021-04-05 10:00:00-04:00,153.94,154.19,153.61,153.82,132708.0,2017
2021-04-05 11:00:00-04:00,153.85,154.14,153.765,153.765,142746.0,1420
2021-04-05 12:00:00-04:00,153.79,154.19,153.75,153.84,107284.0,1682
2021-04-05 13:00:00-04:00,153.83,154.15,153.83,154.15,88565.0,1446
2021-04-05 14:00:00-04:00,154.14,154.28,153.75,153.75,64721.0,1175
2021-04-05 15:00:00-04:00,153.76,154.29,153.75,154.15,222440.0,3883
2021-04-05 16:00:00-04:00,154.12,154.12,154.12,154.12,22903.0,18
2021-04-06 09:00:00-04:00,153.63,154.04,153.535,153.9,110487.0,1469
2021-04-06 10:00:00-04:00,153.86,154.44,153.7,154.38,206631.0,2565
2021-04-06 11:00:00-04:00,154.3,154.57,154.04,154.57,115418.0,1755
2021-04-06 12:00:00-04:00,154.55,154.79,154.22,154.74,130807.0,1527
2021-04-06 13:00:00-04:00,154.74,154.77,154.21,154.24,133982.0,1964
2021-04-06 14:00:00-04:00,154.19,154.38,154.09,154.09,69929.0,1454
2021-04-06 15:00:00-04:00,154.085,154.11,153.21,153.41,521931.0,6787
2021-04-06 16:00:00-04:00,153.41,153.41,153.41,153.41,18820.0,32
2021-04-07 09:00:00-04:00,152.92,153.685,152.9,153.01,90968.0,1326
2021-04-07 10:00:00-04:00,153.08,153.3,152.92,153.045,325862.0,3553
2021-04-07 11:00:00-04:00,153.07,153.19,152.3678,152.5,153450.0,2269
2021-04-07 12:00:00-04:00,152.4616,152.54,152.0,152.335,175099.0,1885
2021-04-07 13:00:00-04:00,152.39,152.6,152.09,152.22,51357.0,1021
2021-04-07 14:00:00-04:00,152.193,152.39,151.75,151.94,77748.0,1236
2021-04-07 15:00:00-04:00,151.98,152.69,151.91,152.32,291052.0,4616
2021-04-07 16:00:00-04:00,152.35,152.35,152.35,152.35,211782.0,35
2021-04-08 07:00:00-04:00,154.0,154.98,154.0,154.98,5594.0,102
2021-04-08 08:00:00-04:00,154.95,155.23,154.75,154.98,2139.0,39
2021-04-08 09:00:00-04:00,154.5,155.25,153.71,155.04,124126.0,1762
2021-04-08 10:00:00-04:00,155.08,155.29,154.71,154.91,127470.0,2537
2021-04-08 11:00:00-04:00,154.9,155.08,154.75,154.91,91864.0,1884
2021-04-08 12:00:00-04:00,154.89,154.94,154.72,154.72,40989.0,1004
2021-04-08 13:00:00-04:00,154.705,154.98,154.66,154.75,73706.0,1552
2021-04-08 14:00:00-04:00,154.71,154.76,154.54,154.68,78541.0,1432
2021-04-08 15:00:00-04:00,154.665,154.76,154.29,154.47,251999.0,4035
2021-04-08 16:00:00-04:00,154.47,154.7527,154.47,154.47,291813.0,32
2021-04-09 08:00:00-04:00,155.13,155.13,155.06,155.06,743.0,16
2021-04-09 09:00:00-04:00,155.3,155.57,154.88,155.13,217095.0,2183
2021-04-09 10:00:00-04:00,155.14,155.24,154.6501,154.73,113657.0,1806
2021-04-09 11:00:00-04:00,154.7,155.15,154.55,154.96,105336.0,1727
2021-04-09 12:00:00-04:00,154.97,154.99,154.61,154.63,37246.0,767
2021-04-09 13:00:00-04:00,154.62,154.865,154.56,154.775,84613.0,1623
2021-04-09 14:00:00-04:00,154.79,154.81,154.62,154.65,60235.0,1355
2021-04-09 15:00:00-04:00,154.695,155.13,154.695,155.06,212668.0,4094
2021-04-09 16:00:00-04:00,155.01,155.01,155.01,155.01,108062.0,21
2021-04-12 08:00:00-04:00,155.0,155.0,155.0,155.0,1050.0,5
2021-04-12 09:00:00-04:00,154.69,155.0,154.31,154.48,86894.0,941
2021-04-12 10:00:00-04:00,154.51,154.68,153.94,154.15,124700.0,1780
2021-04-12 11:00:00-04:00,154.15,154.74,154.06,154.515,146475.0,2113
2021-04-12 12:00:00-04:00,154.47,154.5,154.26,154.36,79273.0,1205
2021-04-12 13:00:00-04:00,154.36,154.36,153.97,154.0,46793.0,862
2021-04-12 14:00:00-04:00,154.02,154.26,153.97,153.97,103468.0,1429
2021-04-12 15:00:00-04:00,153.97,154.54,153.96,154.03,449230.0,4559
2021-04-12 16:00:00-04:00,154.01,154.01,154.01,154.01,104287.0,25
2021-04-13 09:00:00-04:00,153.85,154.47,153.31,154.35,78764.0,1033
2021-04-13 10:00:00-04:00,154.39,154.51,153.84,153.97,111744.0,1286
2021-04-13 11:00:00-04:00,153.92,153.96,153.46,153.53,70083.0,1212
2021-04-13 12:00:00-04:00,153.53,153.53,153.06,153.14,159689.0,2092
2021-04-13 13:00:00-04:00,153.12,153.23,153.01,153.15,120745.0,1832
2021-04-13 14:00:00-04:00,153.19,153.51,153.18,153.45,123333.0,1619
2021-04-13 15:00:00-04:00,153.43,153.88,153.41,153.73,237250.0,3300
2021-04-13 16:00:00-04:00,153.73,153.73,153.73,153.73,37338.0,24
2021-04-14 09:00:00-04:00,154.31,155.87,153.95,155.78,183697.0,2132
2021-04-14 10:00:00-04:00,155.74,156.32,155.62,155.73,180370.0,2785
2021-04-14 11:00:00-04:00,155.73,155.96,155.61,155.82,171310.0,2903
2021-04-14 12:00:00-04:00,155.85,155.85,155.58,155.66,151605.0,2144
2021-04-14 13:00:00-04:00,155.665,155.67,154.93,155.01,354220.0,3216
2021-04-14 14:00:00-04:00,155.015,155.18,154.67,154.97,259626.0,3295
2021-04-14 15:00:00-04:00,154.9654,155.42,154.9654,155.34,432898.0,5710
2021-04-14 16:00:00-04:00,155.29,155.29,155.29,155.29,106059.0,38
2021-04-15 08:00:00-04:00,156.87,157.98,156.87,157.94,1551.0,23
2021-04-15 09:00:00-04:00,156.12,158.08,156.12,158.01,175256.0,1935
2021-04-15 10:00:00-04:00,157.97,158.33,157.96,158.17,295851.0,4048
2021-04-15 11:00:00-04:00,158.215,158.36,157.74,157.76,176218.0,2793
2021-04-15 12:00:00-04:00,157.86,158.0,157.57,157.86,193508.0,2379
2021-04-15 13:00:00-04:00,157.84,158.15,157.74,158.0,288857.0,3122
2021-04-15 14:00:00-04:00,158.03,158.05,157.83,157.96,142628.0,2168
2021-04-15 15:00:00-04:00,157.945,157.99,157.34,157.52,372967.0,6092
2021-04-15 16:00:00-04:00,157.54,157.54,157.54,157.54,26267.0,40
2021-04-16 07:00:00-04:00,158.49,165.24,158.49,164.35,111935.0,1685
2021-04-16 08:00:00-04:00,164.75,165.02,162.1595,164.3,320436.0,946
2021-04-16 09:00:00-04:00,164.31,164.89,163.38,163.985,1892391.0,13446
2021-04-16 10:00:00-04:00,163.975,164.42,163.89,163.97,1135458.0,10188
2021-04-16 11:00:00-04:00,163.99,164.205,163.85,163.92,755020.0,8519
2021-04-16 12:00:00-04:00,163.88,163.99,163.72,163.86,511171.0,5366
2021-04-16 13:00:00-04:00,163.855,163.95,163.64,163.66,651855.0,3915
2021-04-16 14:00:00-04:00,163.66,163.9,163.6,163.69,517220.0,5535
2021-04-16 15:00:00-04:00,163.7,163.79,163.54,163.68,1011523.0,10715
2021-04-16 16:00:00-04:00,163.68,164.0,163.68,164.0,54787.0,51
2021-04-19 07:00:00-04:00,164.59,164.6,164.5,164.6,844.0,24
2021-04-19 08:00:00-04:00,164.74,164.75,164.74,164.75,600.0,4
2021-04-19 09:00:00-04:00,166.3717,166.3717,161.78,165.62,442351.0,5204
2021-04-19 10:00:00-04:00,165.58,165.755,165.17,165.755,670078.0,8466
2021-04-19 11:00:00-04:00,165.755,165.95,165.47,165.565,286621.0,4133
2021-04-19 12:00:00-04:00,165.58,165.64,165.151,165.265,291688.0,3731
2021-04-19 13:00:00-04:00,165.265,165.28,164.8,164.85,404954.0,4681
2021-04-19 14:00:00-04:00,164.865,165.325,164.85,165.25,303011.0,3727
2021-04-19 15:00:00-04:00,165.28,165.5,165.14,165.47,869932.0,8491
2021-04-19 16:00:00-04:00,165.47,165.7763,165.47,165.47,212604.0,43
2021-04-20 08:00:00-04:00,166.58,166.58,166.58,166.58,100.0,1
2021-04-20 09:00:00-04:00,166.16,166.58,165.58,166.5,342957.0,4017
2021-04-20 10:00:00-04:00,166.47,166.72,166.11,166.43,332634.0,4996
2021-04-20 11:00:00-04:00,166.42,166.64,166.34,166.35,491172.0,5015
2021-04-20 12:00:00-04:00,166.38,166.73,166.31,166.73,493057.0,4665
2021-04-20 13:00:00-04:00,166.68,166.8099,166.57,166.75,291718.0,4027
2021-04-20 14:00:00-04:00,166.73,166.76,166.55,166.655,277885.0,2743
2021-04-20 15:00:00-04:00,166.67,166.81,166.47,166.54,757550.0,7820
2021-04-20 16:00:00-04:00,166.54,166.7071,166.54,166.54,81725.0,39
2021-04-21 08:00:00-04:00,167.51,167.51,167.51,167.51,175.0,3
2021-04-21 09:00:00-04:00,167.58,168.27,167.39,168.19,255368.0,2900
2021-04-21 10:00:00-04:00,168.21,168.49,167.95,168.42,256595.0,3425
2021-04-21 11:00:00-04:00,168.43,168.515,168.035,168.075,111442.0,1785
2021-04-21 12:00:00-04:00,168.06,168.25,167.89,168.0,330926.0,2400
2021-04-21 13:00:00-04:00,168.01,168.34,167.98,168.21,116603.0,1749
2021-04-21 14:00:00-04:00,168.24,168.46,168.19,168.26,144277.0,2540
2021-04-21 15:00:00-04:00,168.26,168.47,168.0292,168.4076,387243.0,4744
2021-04-21 16:00:00-04:00,168.44,168.5,168.31,168.5,39358.0,41
2021-04-22 09:00:00-04:00,166.26,168.26,166.26,167.94,272853.0,3184
2021-04-22 10:00:00-04:00,167.9,168.38,167.615,168.2,216809.0,3198
2021-04-22 11:00:00-04:00,168.2,168.48,168.14,168.365,217801.0,2164
2021-04-22 12:00:00-04:00,168.38,168.38,167.88,167.88,150411.0,2164
2021-04-22 13:00:00-04:00,167.92,167.92,167.06,167.145,283367.0,3273
2021-04-22 14:00:00-04:00,167.12,167.7,167.02,167.51,162988.0,2299
2021-04-22 15:00:00-04:00,167.47,167.8,167.38,167.65,464104.0,5194
2021-04-22 16:00:00-04:00,167.65,167.65,167.65,167.65,35524.0,36
2021-04-23 09:00:00-04:00,167.0,167.77,166.77,167.0,153245.0,1791
2021-04-23 10:00:00-04:00,166.98,167.13,166.72,167.05,154474.0,2399
2021-04-23 11:00:00-04:00,167.02,167.19,166.74,167.035,89029.0,1699
2021-04-23 12:00:00-04:00,167.05,167.06,166.88,166.92,104279.0,1772
2021-04-23 13:00:00-04:00,166.94,166.96,166.57,166.725,96629.0,1806
2021-04-23 14:00:00-04:00,166.75,167.14,166.68,167.06,103728.0,1755
2021-04-23 15:00:00-04:00,167.03,167.22,166.83,166.9,308367.0,3803
2021-04-23 16:00:00-04:00,166.92,166.92,166.92,166.92,303743.0,35
2021-04-26 09:00:00-04:00,166.8,167.32,166.225,166.64,246002.0,3353
2021-04-26 10:00:00-04:00,166.62,167.13,166.6,166.88,284492.0,4244
2021-04-26 11:00:00-04:00,166.85,167.04,166.75,166.83,109024.0,2178
2021-04-26 12:00:00-04:00,166.85,166.92,166.68,166.82,92176.0,1880
2021-04-26 13:00:00-04:00,166.82,167.1,166.81,167.05,89760.0,1692
2021-04-26 14:00:00-04:00,167.07,167.43,167.05,167.42,200750.0,1757
2021-04-26 15:00:00-04:00,167.42,167.43,166.89,166.99,210057.0,3651
2021-04-26 16:00:00-04:00,167.0,167.0,167.0,167.0,393892.0,24
2021-04-27 09:00:00-04:00,167.46,168.18,167.29,167.52,276245.0,3368
2021-04-27 10:00:00-04:00,167.58,167.78,167.32,167.66,173699.0,2200
2021-04-27 11:00:00-04:00,167.63,167.73,167.37,167.56,95418.0,1912
2021-04-27 12:00:00-04:00,167.56,167.56,167.23,167.3,94830.0,1948
2021-04-27 13:00:00-04:00,167.31,167.55,167.25,167.45,111691.0,1968
2021-04-27 14:00:00-04:00,167.43,167.48,167.27,167.35,136125.0,2237
2021-04-27 15:00:00-04:00,167.33,167.34,166.95,167.1,272215.0,4812
2021-04-27 16:00:00-04:00,167.06,167.06,166.98,166.98,7751.0,25
2021-04-27 17:00:00-04:00,167.06,167.06,167.06,167.06,3396.0,1
2021-04-28 07:00:00-04:00,166.9,166.9,166.9,166.9,136.0,2
2021-04-28 08:00:00-04:00,166.71,166.71,166.71,166.71,282.0,2
2021-04-28 09:00:00-04:00,167.19,167.48,166.53,167.44,274062.0,2279
2021-04-28 10:00:00-04:00,167.44,167.45,166.95,167.025,111976.0,2420
2021-04-28 11:00:00-04:00,167.02,167.21,166.6,166.63,116533.0,2205
2021-04-28 12:00:00-04:00,166.6,166.69,166.47,166.54,151627.0,1333
2021-04-28 13:00:00-04:00,166.53,166.62,166.37,166.44,113614.0,1643
2021-04-28 14:00:00-04:00,166.44,166.96,166.25,166.65,176024.0,2558
2021-04-28 15:00:00-04:00,166.66,166.77,166.42,166.73,238372.0,3979
2021-04-28 16:00:00-04:00,166.73,166.73,166.0,166.0,6660.0,24
2021-04-29 09:00:00-04:00,166.78,166.97,165.89,166.165,225664.0,2623
2021-04-29 10:00:00-04:00,166.175,166.33,165.59,165.59,174738.0,2557
2021-04-29 11:00:00-04:00,165.62,165.86,165.34,165.36,172549.0,2406
2021-04-29 12:00:00-04:00,165.39,165.44,164.83,164.84,253582.0,2835
2021-04-29 13:00:00-04:00,164.86,165.27,164.83,165.05,162360.0,2332
2021-04-29 14:00:00-04:00,165.05,165.58,164.91,165.55,166206.0,2763
2021-04-29 15:00:00-04:00,165.53,165.7,165.28,165.56,293640.0,4827
2021-04-29 16:00:00-04:00,165.58,165.58,163.04,164.18,18657.0,32
2021-04-29 17:00:00-04:00,164.5,164.5,164.5,164.5,100.0,1
2021-04-29 18:00:00-04:00,164.5,164.5,164.5,164.5,599.0,2
2021-04-30 04:00:00-04:00,166.27,166.27,166.27,166.27,200.0,1
2021-04-30 05:00:00-04:00,167.0,167.0,167.0,167.0,100.0,1
2021-04-30 06:00:00-04:00,167.5,167.84,167.5,167.84,674.0,3
2021-04-30 07:00:00-04:00,167.99,169.86,167.99,169.86,6747.0,80
2021-04-30 08:00:00-04:00,169.75,170.0,169.08,169.09,7590.0,101
2021-04-30 09:00:00-04:00,169.09,172.08,168.57,171.15,645672.0,6516
2021-04-30 10:00:00-04:00,171.12,171.14,170.13,170.65,402053.0,5787
2021-04-30 11:00:00-04:00,170.63,170.65,169.16,169.59,263049.0,4109
2021-04-30 12:00:00-04:00,169.63,170.14,169.44,170.03,172020.0,2895
2021-04-30 13:00:00-04:00,170.0,170.02,169.25,169.295,137306.0,2664
2021-04-30 14:00:00-04:00,169.31,169.44,168.695,168.695,253550.0,3007
2021-04-30 15:00:00-04:00,168.7,169.03,168.06,168.57,673405.0,10030
2021-04-30 16:00:00-04:00,168.68,168.68,168.4,168.4,61955.0,63
2021-05-03 09:00:00-04:00,168.75,169.83,168.5,169.45,289336.0,2925
2021-05-03 10:00:00-04:00,169.46,169.69,169.08,169.18,189498.0,2757
2021-05-03 11:00:00-04:00,169.18,169.66,168.9466,169.595,238624.0,2887
2021-05-03 12:00:00-04:00,169.61,170.24,169.57,170.24,152031.0,2043
2021-05-03 13:00:00-04:00,170.24,170.25,169.82,169.93,115555.0,1539
2021-05-03 14:00:00-04:00,169.97,170.18,169.91,170.06,136020.0,1867
2021-05-03 15:00:00-04:00,170.1,170.29,169.93,170.29,351026.0,5409
2021-05-03 16:00:00-04:00,170.27,170.3249,170.27,170.3249,515837.0,35
2021-05-04 09:00:00-04:00,169.26,169.69,168.91,169.14,158530.0,2634
2021-05-04 10:00:00-04:00,169.11,169.36,168.55,168.68,206711.0,3478
2021-05-04 11:00:00-04:00,168.7,168.9001,168.285,168.52,226080.0,3414
2021-05-04 12:00:00-04:00,168.54,169.0,168.54,168.86,156910.0,2732
2021-05-04 13:00:00-04:00,168.84,169.0,168.73,168.77,141583.0,2482
2021-05-04 14:00:00-04:00,168.75,168.9,168.59,168.61,131848.0,2265
2021-05-04 15:00:00-04:00,168.59,168.62,168.11,168.49,432201.0,6970
2021-05-04 16:00:00-04:00,168.49,168.517,168.49,168.517,737544.0,44
2021-05-05 06:00:00-04:00,169.34,170.5,169.34,170.5,725.0,8
2021-05-05 09:00:00-04:00,169.3,169.54,168.77,169.13,150625.0,2417
2021-05-05 10:00:00-04:00,169.14,169.5,169.0,169.4,245602.0,3258
2021-05-05 11:00:00-04:00,169.355,169.69,169.1,169.52,96574.0,1840
2021-05-05 12:00:00-04:00,169.52,169.74,169.5,169.68,88127.0,1701
2021-05-05 13:00:00-04:00,169.6966,169.71,169.46,169.69,104259.0,1822
2021-05-05 14:00:00-04:00,169.7,169.77,169.5,169.5,157755.0,2644
2021-05-05 15:00:00-04:00,169.495,169.95,169.36,169.94,450156.0,6613
2021-05-05 16:00:00-04:00,169.91,169.91,169.91,169.91,102062.0,44
2021-05-06 09:00:00-04:00,169.33,169.61,168.75,169.33,78641.0,1232
2021-05-06 10:00:00-04:00,169.32,169.34,168.72,168.79,164415.0,3042
2021-05-06 11:00:00-04:00,168.7794,169.47,168.58,169.11,142895.0,2569
2021-05-06 12:00:00-04:00,169.08,169.26,169.06,169.12,100605.0,1872
2021-05-06 13:00:00-04:00,169.1,169.14,168.89,168.91,78450.0,1613
2021-05-06 14:00:00-04:00,168.95,169.14,168.86,169.0,166791.0,2542
2021-05-06 15:00:00-04:00,168.995,169.93,168.91,169.84,278130.0,4709
2021-05-06 16:00:00-04:00,169.86,169.86,169.86,169.86,450879.0,42
2021-05-07 08:00:00-04:00,172.6,172.6,172.6,172.6,575.0,13
2021-05-07 09:00:00-04:00,170.03,170.77,169.47,170.38,244140.0,2819
2021-05-07 10:00:00-04:00,170.4,171.04,170.31,170.84,136054.0,2624
2021-05-07 11:00:00-04:00,170.82,171.15,170.63,170.66,120930.0,2223
2021-05-07 12:00:00-04:00,170.66,170.7,170.14,170.15,91688.0,1512
2021-05-07 13:00:00-04:00,170.17,170.36,170.06,170.3,135585.0,1445
2021-05-07 14:00:00-04:00,170.29,170.64,170.22,170.6,82097.0,1412
2021-05-07 15:00:00-04:00,170.6,170.91,170.37,170.39,261453.0,4091
2021-05-07 16:00:00-04:00,170.43,170.8105,170.43,170.8105,26064.0,28
2021-05-07 17:00:00-04:00,170.26,170.26,170.26,170.26,100.0,1
2021-05-10 06:00:00-04:00,170.92,170.92,170.92,170.92,224.0,3
2021-05-10 07:00:00-04:00,171.86,171.86,171.5,171.5,1512.0,7
2021-05-10 08:00:00-04:00,171.4,171.4,171.4,171.4,100.0,1
2021-05-10 09:00:00-04:00,171.78,171.9,171.59,171.62,206208.0,3046
2021-05-10 10:00:00-04:00,171.66,171.8,171.18,171.8,170021.0,2988
2021-05-10 11:00:00-04:00,171.8,172.4,171.35,172.31,168261.0,2838
2021-05-10 12:00:00-04:00,172.31,172.4,172.115,172.2,100362.0,1820
2021-05-10 13:00:00-04:00,172.22,172.59,172.16,172.44,139686.0,2442
2021-05-10 14:00:00-04:00,172.37,172.43,171.74,171.955,145457.0,2584
2021-05-10 15:00:00-04:00,171.93,172.08,171.69,171.83,299990.0,5313
2021-05-10 16:00:00-04:00,171.81,171.81,171.81,171.81,25885.0,31
2021-05-11 07:00:00-04:00,170.97,171.01,170.87,170.89,1481.0,44
2021-05-11 08:00:00-04:00,170.88,171.23,170.88,170.88,3668.0,57
2021-05-11 09:00:00-04:00,170.93,171.38,169.94,171.14,327488.0,4272
2021-05-11 10:00:00-04:00,171.24,171.31,170.37,170.58,249172.0,4172
2021-05-11 11:00:00-04:00,170.58,171.29,170.3375,171.14,172736.0,2995
2021-05-11 12:00:00-04:00,171.1,171.19,170.79,171.08,84614.0,1789
2021-05-11 13:00:00-04:00,171.1,171.65,171.08,171.54,100363.0,2104
2021-05-11 14:00:00-04:00,171.6,171.65,171.29,171.59,95878.0,2057
2021-05-11 15:00:00-04:00,171.57,171.81,171.165,171.42,248597.0,4639
2021-05-11 16:00:00-04:00,171.41,171.5,171.41,171.41,210935.0,34
2021-05-11 17:00:00-04:00,171.81,171.81,171.81,171.81,596.0,1
2021-05-12 06:00:00-04:00,170.9,170.9,170.9,170.9,528.0,6
2021-05-12 07:00:00-04:00,171.58,171.58,171.53,171.53,785.0,13
2021-05-12 08:00:00-04:00,172.6,172.6,172.55,172.55,2034.0,36
2021-05-12 09:00:00-04:00,172.4,173.22,171.9,172.75,256309.0,3614
2021-05-12 10:00:00-04:00,172.77,173.14,172.44,172.96,139711.0,2853
2021-05-12 11:00:00-04:00,172.96,173.16,172.82,172.96,121572.0,2958
2021-05-12 12:00:00-04:00,172.98,173.24,172.91,173.03,175346.0,2530
2021-05-12 13:00:00-04:00,173.03,173.21,172.54,172.69,121794.0,1974
2021-05-12 14:00:00-04:00,172.74,172.78,172.43,172.57,160503.0,2348
2021-05-12 15:00:00-04:00,172.57,172.61,171.8,172.05,381220.0,6012
2021-05-12 16:00:00-04:00,171.99,172.3,171.99,172.3,19498.0,32
2021-05-13 08:00:00-04:00,171.76,171.76,171.75,171.75,1000.0,6
2021-05-13 09:00:00-04:00,171.95,172.73,171.85,172.71,111224.0,1874
2021-05-13 10:00:00-04:00,172.75,173.615,172.68,173.615,240294.0,3878
2021-05-13 11:00:00-04:00,173.57,173.86,173.33,173.57,96032.0,2510
2021-05-13 12:00:00-04:00,173.61,173.72,173.29,173.29,116883.0,2076
2021-05-13 13:00:00-04:00,173.33,173.46,172.96,173.02,97424.0,1876
2021-05-13 14:00:00-04:00,173.05,173.6,173.04,173.52,152644.0,2525
2021-05-13 15:00:00-04:00,173.52,173.83,173.3,173.3,332156.0,5159
2021-05-13 16:00:00-04:00,173.33,173.33,173.33,173.33,65257.0,28
2021-05-13 17:00:00-04:00,173.25,173.25,173.25,173.25,100.0,1
2021-05-14 09:00:00-04:00,173.28,174.15,173.28,173.67,133447.0,1895
2021-05-14 10:00:00-04:00,173.72,173.87,173.52,173.855,150275.0,2478
2021-05-14 11:00:00-04:00,173.83,174.08,173.75,173.93,161405.0,2585
2021-05-14 12:00:00-04:00,173.93,174.04,173.85,173.865,86825.0,1503
2021-05-14 13:00:00-04:00,173.86,173.94,173.76,173.91,90946.0,1623
2021-05-14 14:00:00-04:00,173.915,174.04,173.69,174.02,123263.0,1847
2021-05-14 15:00:00-04:00,174.01,174.01,173.45,173.52,424669.0,6373
2021-05-14 16:00:00-04:00,173.49,173.5,173.49,173.5,31064.0,25
2021-05-17 07:00:00-04:00,173.45,173.64,173.45,173.64,913.0,5
2021-05-17 08:00:00-04:00,173.49,173.8,173.39,173.8,2164.0,17
2021-05-17 09:00:00-04:00,173.8,174.56,173.52,174.51,206356.0,2747
2021-05-17 10:00:00-04:00,174.49,174.8,174.35,174.67,152527.0,2388
2021-05-17 11:00:00-04:00,174.67,174.8,174.48,174.68,115579.0,1913
2021-05-17 12:00:00-04:00,174.67,175.05,174.6,174.98,130160.0,1669
2021-05-17 13:00:00-04:00,174.99,175.08,174.71,174.78,77824.0,1521
2021-05-17 14:00:00-04:00,174.765,174.83,174.62,174.78,56381.0,1206
2021-05-17 15:00:00-04:00,174.77,174.9415,174.59,174.82,256438.0,4424
2021-05-17 16:00:00-04:00,174.75,174.8808,174.74,174.8808,84321.0,55
2021-05-18 06:00:00-04:00,175.0,175.0,175.0,175.0,509.0,8
2021-05-18 07:00:00-04:00,176.13,176.13,176.13,176.13,561.0,22
2021-05-18 08:00:00-04:00,175.99,176.02,175.99,176.0,708.0,12
2021-05-18 09:00:00-04:00,175.7,175.71,174.88,175.37,237818.0,2636
2021-05-18 10:00:00-04:00,175.32,175.63,175.24,175.54,320960.0,5060
2021-05-18 11:00:00-04:00,175.49,175.73,175.31,175.31,87223.0,1862
2021-05-18 12:00:00-04:00,175.3,175.52,175.23,175.4,72113.0,1426
2021-05-18 13:00:00-04:00,175.45,175.51,175.33,175.42,106768.0,2078
2021-05-18 14:00:00-04:00,175.41,175.46,175.08,175.19,117088.0,2050
2021-05-18 15:00:00-04:00,175.19,175.41,174.87,174.92,352461.0,5801
2021-05-18 16:00:00-04:00,174.87,174.87,174.87,174.87,13685.0,36
2021-05-19 08:00:00-04:00,175.17,175.3,175.17,175.22,406.0,6
2021-05-19 09:00:00-04:00,175.22,175.41,174.61,175.23,274408.0,3394
2021-05-19 10:00:00-04:00,175.28,175.28,174.7501,174.82,208954.0,3800
2021-05-19 11:00:00-04:00,174.81,175.3983,174.77,175.07,175829.0,2623
2021-05-19 12:00:00-04:00,175.08,175.18,175.0,175.05,96600.0,1443
2021-05-19 13:00:00-04:00,175.07,175.43,175.04,175.19,82189.0,1601
2021-05-19 14:00:00-04:00,175.18,175.63,174.94,175.17,164290.0,2809
2021-05-19 15:00:00-04:00,175.15,175.72,175.06,175.44,434509.0,6733
2021-05-19 16:00:00-04:00,175.47,175.47,175.45,175.47,1118166.0,32
2021-05-20 07:00:00-04:00,176.3,176.92,176.1,176.92,1899.0,27
2021-05-20 08:00:00-04:00,176.22,176.22,176.22,176.22,278.0,2
2021-05-20 09:00:00-04:00,176.28,177.45,176.08,177.25,232423.0,3284
2021-05-20 10:00:00-04:00,177.305,177.83,177.305,177.81,139489.0,2540
2021-05-20 11:00:00-04:00,177.85,178.555,177.77,178.35,180083.0,3102
2021-05-20 12:00:00-04:00,178.38,178.39,177.94,177.99,103224.0,1952
2021-05-20 13:00:00-04:00,177.985,178.045,177.76,177.9,95752.0,1774
2021-05-20 14:00:00-04:00,177.89,178.16,177.85,178.05,78666.0,1681
2021-05-20 15:00:00-04:00,178.0864,179.12,177.98,178.39,378149.0,5367
2021-05-20 16:00:00-04:00,178.36,179.0,178.06,178.06,429136.0,44
2021-05-21 06:00:00-04:00,178.26,179.0,178.26,179.0,346.0,3
2021-05-21 07:00:00-04:00,178.35,178.35,178.35,178.35,100.0,1
2021-05-21 09:00:00-04:00,178.3,178.655,176.76,178.04,331663.0,3998
2021-05-21 10:00:00-04:00,178.045,178.37,177.76,177.905,167772.0,2750
2021-05-21 11:00:00-04:00,177.92,178.18,177.29,178.06,125865.0,2522
2021-05-21 12:00:00-04:00,178.08,178.3,177.74,177.82,95581.0,1984
2021-05-21 13:00:00-04:00,177.81,178.09,177.42,177.77,92219.0,1733
2021-05-21 14:00:00-04:00,177.78,178.03,177.78,177.92,123364.0,2385
2021-05-21 15:00:00-04:00,177.924,177.95,177.46,177.71,376424.0,5719
2021-05-21 16:00:00-04:00,177.72,177.7485,177.6909,177.6909,146753.0,47
2021-05-24 07:00:00-04:00,177.58,177.58,177.58,177.58,382.0,4
2021-05-24 09:00:00-04:00,178.2,178.5,178.03,178.37,208538.0,2863
2021-05-24 10:00:00-04:00,178.45,178.71,178.25,178.63,94558.0,2212
2021-05-24 11:00:00-04:00,178.63,178.69,178.4,178.49,73500.0,1524
2021-05-24 12:00:00-04:00,178.51,178.545,178.18,178.285,46411.0,969
2021-05-24 13:00:00-04:00,178.28,178.405,178.21,178.405,55370.0,1095
2021-05-24 14:00:00-04:00,178.41,178.42,178.23,178.37,47311.0,1132
2021-05-24 15:00:00-04:00,178.4,178.47,177.98,178.07,169244.0,3287
2021-05-24 16:00:00-04:00,178.04,178.04,178.04,178.04,32316.0,24
2021-05-25 07:00:00-04:00,178.2,178.2,178.2,178.2,150.0,2
2021-05-25 09:00:00-04:00,177.74,177.87,177.0,177.245,172652.0,2249
2021-05-25 10:00:00-04:00,177.25,177.32,177.0,177.085,226108.0,3843
2021-05-25 11:00:00-04:00,177.06,177.45,177.03,177.2,292638.0,3457
2021-05-25 12:00:00-04:00,177.21,177.22,176.93,177.07,134887.0,2355
2021-05-25 13:00:00-04:00,177.07,177.21,176.92,177.01,139203.0,2935
2021-05-25 14:00:00-04:00,177.005,177.005,176.77,176.9,139953.0,3609
2021-05-25 15:00:00-04:00,176.9,177.15,176.85,177.13,187624.0,5293
2021-05-25 16:00:00-04:00,177.1,177.1,177.1,177.1,32274.0,26
2021-05-26 09:00:00-04:00,177.11,177.93,176.63,176.7,82711.0,1575
2021-05-26 10:00:00-04:00,176.71,176.9,176.62,176.7675,125256.0,2731
2021-05-26 11:00:00-04:00,176.76,176.81,176.45,176.48,136719.0,2997
2021-05-26 12:00:00-04:00,176.51,176.94,176.5,176.825,46042.0,1229
2021-05-26 13:00:00-04:00,176.835,176.835,176.5192,176.62,81710.0,1661
2021-05-26 14:00:00-04:00,176.62,176.68,176.27,176.63,126064.0,2229
2021-05-26 15:00:00-04:00,176.62,176.65,175.95,176.1,394135.0,6826
2021-05-26 16:00:00-04:00,176.1,176.1,176.1,176.1,57349.0,26
2021-05-27 08:00:00-04:00,175.53,175.53,175.52,175.52,291.0,3
2021-05-27 09:00:00-04:00,175.82,175.99,175.49,175.61,181871.0,2460
2021-05-27 10:00:00-04:00,175.64,175.975,175.43,175.88,384219.0,5476
2021-05-27 11:00:00-04:00,175.89,177.6999,175.74,177.63,198597.0,4458
2021-05-27 12:00:00-04:00,177.66,177.91,177.56,177.6,106322.0,2513
2021-05-27 13:00:00-04:00,177.6,177.61,177.17,177.2,68784.0,1510
2021-05-27 14:00:00-04:00,177.2,177.285,176.87,176.97,114866.0,2463
2021-05-27 15:00:00-04:00,176.97,177.38,176.82,176.98,360723.0,5413
2021-05-27 16:00:00-04:00,177.03,177.03,177.03,177.03,445009.0,60
2021-05-28 09:00:00-04:00,176.75,177.95,176.75,177.93,58768.0,1024
2021-05-28 10:00:00-04:00,177.91,178.43,177.59,177.61,204216.0,2621
2021-05-28 11:00:00-04:00,177.57,177.57,176.93,176.95,92285.0,1763
2021-05-28 12:00:00-04:00,176.945,176.96,176.65,176.74,98083.0,1633
2021-05-28 13:00:00-04:00,176.76,176.77,176.46,176.48,68240.0,1311
2021-05-28 14:00:00-04:00,176.48,176.64,176.44,176.54,99027.0,1860
2021-05-28 15:00:00-04:00,176.54,176.72,176.46,176.6,257352.0,4464
2021-05-28 16:00:00-04:00,176.55,176.55,176.55,176.55,22687.0,29
2021-06-01 06:00:00-04:00,177.13,177.13,177.13,177.13,102.0,1
2021-06-01 08:00:00-04:00,177.48,177.48,177.48,177.48,100.0,1
2021-06-01 09:00:00-04:00,177.55,177.69,175.99,176.57,332892.0,3856
2021-06-01 10:00:00-04:00,176.57,176.6,176.05,176.21,455613.0,7442
2021-06-01 11:00:00-04:00,176.2,176.35,176.01,176.28,181357.0,3149
2021-06-01 12:00:00-04:00,176.27,176.35,176.01,176.08,127049.0,2664
2021-06-01 13:00:00-04:00,176.1,176.19,175.89,176.07,109949.0,2124
2021-06-01 14:00:00-04:00,176.1,176.4,176.07,176.3644,123026.0,2093
2021-06-01 15:00:00-04:00,176.37,177.07,175.36,175.85,551133.0,7173
2021-06-01 16:00:00-04:00,175.86,175.86,175.86,175.86,260847.0,47
2021-06-02 09:00:00-04:00,175.14,176.09,174.45,175.99,114643.0,1612
2021-06-02 10:00:00-04:00,175.915,175.93,175.5,175.65,184077.0,2968
2021-06-02 11:00:00-04:00,175.64,175.94,175.5,175.87,246133.0,3812
2021-06-02 12:00:00-04:00,175.88,175.9,175.645,175.78,104782.0,1869
2021-06-02 13:00:00-04:00,175.775,175.83,175.58,175.79,109658.0,1955
2021-06-02 14:00:00-04:00,175.755,175.85,175.55,175.63,115831.0,2179
2021-06-02 15:00:00-04:00,175.635,176.05,175.34,175.46,361138.0,6332
2021-06-02 16:00:00-04:00,175.51,175.51,175.51,175.51,6450.0,20
2021-06-03 07:00:00-04:00,174.96,174.96,174.96,174.96,427.0,12
2021-06-03 09:00:00-04:00,174.75,175.48,174.7,175.065,143182.0,2315
2021-06-03 10:00:00-04:00,175.1,175.67,174.99,175.645,357356.0,6516
2021-06-03 11:00:00-04:00,175.63,175.83,175.18,175.32,105054.0,2865
2021-06-03 12:00:00-04:00,175.32,175.575,175.13,175.575,134669.0,2415
2021-06-03 13:00:00-04:00,175.6078,175.99,175.48,175.96,125932.0,1942
2021-06-03 14:00:00-04:00,175.995,176.02,175.83,175.89,104630.0,1956
2021-06-03 15:00:00-04:00,175.86,176.02,175.51,175.78,482434.0,5859
2021-06-03 16:00:00-04:00,175.78,175.78,175.78,175.78,457576.0,40
2021-06-04 09:00:00-04:00,176.27,177.36,176.27,177.25,204469.0,2519
2021-06-04 10:00:00-04:00,177.26,177.5,177.1,177.37,283794.0,3425
2021-06-04 11:00:00-04:00,177.37,177.82,177.33,177.55,98663.0,1583
2021-06-04 12:00:00-04:00,177.53,177.53,177.17,177.17,35716.0,953
2021-06-04 13:00:00-04:00,177.16,177.185,176.92,176.93,38210.0,1188
2021-06-04 14:00:00-04:00,176.93,177.0799,176.91,176.97,69279.0,1632
2021-06-04 15:00:00-04:00,176.99,177.55,176.95,177.13,221492.0,4428
2021-06-04 16:00:00-04:00,177.12,177.12,177.12,177.12,10310.0,27
2021-06-04 17:00:00-04:00,177.12,177.12,177.12,177.12,2497.0,1
2021-06-07 09:00:00-04:00,176.39,177.06,176.32,176.82,101438.0,1693
2021-06-07 10:00:00-04:00,176.76,177.9,176.425,177.37,180377.0,3432
2021-06-07 11:00:00-04:00,177.4,177.62,177.0,177.02,233918.0,4874
2021-06-07 12:00:00-04:00,177.02,177.17,176.85,176.87,121454.0,2269
2021-06-07 13:00:00-04:00,176.87,177.31,176.54,176.55,159757.0,3140
2021-06-07 14:00:00-04:00,176.55,176.6,176.275,176.31,165796.0,2641
2021-06-07 15:00:00-04:00,176.29,177.0,175.71,176.24,572013.0,7588
2021-06-07 16:00:00-04:00,176.28,176.56,176.28,176.28,647743.0,30
2021-06-08 09:00:00-04:00,176.48,177.29,176.36,176.5,146950.0,1748
2021-06-08 10:00:00-04:00,176.52,176.77,175.94,175.94,95866.0,2631
2021-06-08 11:00:00-04:00,175.95,176.07,175.63,175.655,108156.0,2759
2021-06-08 12:00:00-04:00,175.63,175.75,175.54,175.72,81905.0,1808
2021-06-08 13:00:00-04:00,175.75,176.07,175.66,175.9,73062.0,1730
2021-06-08 14:00:00-04:00,175.89,176.3,175.845,176.26,66150.0,1625
2021-06-08 15:00:00-04:00,176.29,176.67,176.26,176.61,219866.0,4324
2021-06-08 16:00:00-04:00,176.61,176.61,176.61,176.61,13263.0,34
2021-06-09 09:00:00-04:00,176.93,178.85,176.93,178.69,134948.0,2058
2021-06-09 10:00:00-04:00,178.69,179.37,178.38,178.97,201475.0,3896
2021-06-09 11:00:00-04:00,178.98,178.99,178.36,178.43,67079.0,1629
2021-06-09 12:00:00-04:00,178.32,178.59,178.32,178.5,54850.0,1449
2021-06-09 13:00:00-04:00,178.52,178.92,178.51,178.76,49731.0,1251
2021-06-09 14:00:00-04:00,178.85,179.06,178.7812,178.93,61978.0,1605
2021-06-09 15:00:00-04:00,178.92,179.27,178.47,179.21,262809.0,4630
2021-06-09 16:00:00-04:00,179.18,179.18,179.15,179.18,22562.0,28
2021-06-10 07:00:00-04:00,180.1,180.1,180.1,180.1,917.0,11
2021-06-10 08:00:00-04:00,179.75,179.75,179.75,179.75,113.0,2
2021-06-10 09:00:00-04:00,179.77,181.6,179.75,181.42,156714.0,2506
2021-06-10 10:00:00-04:00,181.47,181.47,180.43,180.68,195802.0,3216
2021-06-10 11:00:00-04:00,180.67,181.38,180.48,181.3259,110861.0,2737
2021-06-10 12:00:00-04:00,181.32,181.435,181.19,181.36,74919.0,1578
2021-06-10 13:00:00-04:00,181.36,181.79,181.32,181.76,45379.0,1381
2021-06-10 14:00:00-04:00,181.77,181.89,181.61,181.74,62328.0,1718
2021-06-10 15:00:00-04:00,181.75,182.11,181.6,181.93,348359.0,6578
2021-06-10 16:00:00-04:00,181.99,181.99,181.99,181.99,16991.0,33
2021-06-11 09:00:00-04:00,180.86,182.78,180.86,181.92,132752.0,1775
2021-06-11 10:00:00-04:00,181.93,182.115,181.74,181.82,241704.0,3350
2021-06-11 11:00:00-04:00,181.8501,182.005,181.33,181.34,146189.0,2083
2021-06-11 12:00:00-04:00,181.35,181.63,181.21,181.56,55364.0,911
2021-06-11 13:00:00-04:00,181.54,181.73,181.42,181.69,82467.0,1696
2021-06-11 14:00:00-04:00,181.72,181.85,181.56,181.62,41705.0,983
2021-06-11 15:00:00-04:00,181.65,181.76,181.47,181.66,327873.0,4209
2021-06-11 16:00:00-04:00,181.65,181.65,181.6065,181.6065,22182.0,27
2021-06-14 09:00:00-04:00,181.5,182.2,181.39,181.44,137292.0,2825
2021-06-14 10:00:00-04:00,181.49,181.49,181.14,181.34,235920.0,4854
2021-06-14 11:00:00-04:00,181.41,181.73,181.25,181.27,172104.0,3340
2021-06-14 12:00:00-04:00,181.31,181.32,181.02,181.07,74703.0,1626
2021-06-14 13:00:00-04:00,181.1,181.72,180.84,180.93,164276.0,2633
2021-06-14 14:00:00-04:00,180.93,181.13,180.92,181.05,73349.0,1395
2021-06-14 15:00:00-04:00,181.05,181.71,181.04,181.68,198054.0,3047
2021-06-14 16:00:00-04:00,181.65,181.65,181.65,181.65,1019718.0,25
2021-06-15 09:00:00-04:00,181.65,182.11,181.5,181.52,67028.0,1069
2021-06-15 10:00:00-04:00,181.46,181.61,181.28,181.53,69583.0,1789
2021-06-15 11:00:00-04:00,181.49,181.53,181.29,181.41,59771.0,1419
2021-06-15 12:00:00-04:00,181.395,181.5753,181.325,181.55,68234.0,976
2021-06-15 13:00:00-04:00,181.54,181.64,181.47,181.53,55089.0,1252
2021-06-15 14:00:00-04:00,181.58,181.75,181.5,181.7,53501.0,1204
2021-06-15 15:00:00-04:00,181.67,182.17,181.57,181.9,271754.0,5434
2021-06-15 16:00:00-04:00,181.9,181.9,181.9,181.9,21189.0,20
2021-06-16 09:00:00-04:00,181.82,182.91,181.82,182.86,92710.0,1272
2021-06-16 10:00:00-04:00,182.915,183.05,182.39,182.475,189063.0,3702
2021-06-16 11:00:00-04:00,182.48,182.54,181.88,181.965,423978.0,5478
2021-06-16 12:00:00-04:00,181.95,182.01,181.61,181.68,216568.0,4816
2021-06-16 13:00:00-04:00,181.69,181.76,181.52,181.76,144847.0,3282
2021-06-16 14:00:00-04:00,181.73,181.73,180.185,180.93,305192.0,5001
2021-06-16 15:00:00-04:00,180.91,181.1,180.38,180.55,315980.0,5791
2021-06-16 16:00:00-04:00,180.55,180.55,180.55,180.55,13975.0,9
2021-06-17 09:00:00-04:00,179.62,180.3,179.44,180.24,139988.0,2304
2021-06-17 10:00:00-04:00,180.24,180.85,180.03,180.555,146266.0,3190
2021-06-17 11:00:00-04:00,180.59,180.69,180.2,180.2,75619.0,1917
2021-06-17 12:00:00-04:00,180.22,180.28,179.795,180.05,129071.0,1827
2021-06-17 13:00:00-04:00,180.08,180.39,180.06,180.37,76846.0,1550
2021-06-17 14:00:00-04:00,180.39,180.56,180.185,180.1925,111344.0,1885
2021-06-17 15:00:00-04:00,180.18,180.5,179.89,179.945,565853.0,7384
2021-06-17 16:00:00-04:00,179.97,179.97,179.89,179.89,17380.0,42
2021-06-17 18:00:00-04:00,179.89,179.89,179.89,179.89,200.0,2
2021-06-18 09:00:00-04:00,178.02,179.43,177.62,179.24,407737.0,3602
2021-06-18 10:00:00-04:00,179.29,179.37,178.59,178.73,286473.0,4985
2021-06-18 11:00:00-04:00,178.7,179.165,178.5,179.04,291073.0,4177
2021-06-18 12:00:00-04:00,179.05,179.135,178.72,178.85,172088.0,2673
2021-06-18 13:00:00-04:00,178.85,179.02,178.78,178.94,134639.0,2302
2021-06-18 14:00:00-04:00,178.93,179.42,178.91,179.41,162510.0,2691
2021-06-18 15:00:00-04:00,179.44,181.74,179.43,180.79,983694.0,12289
2021-06-18 16:00:00-04:00,180.69,180.71,180.3379,180.51,195877.0,97
2021-06-18 17:00:00-04:00,180.35,180.35,180.35,180.35,6900.0,21
2021-06-21 09:00:00-04:00,180.5,180.69,180.16,180.5,118752.0,2129
2021-06-21 10:00:00-04:00,180.57,181.09,180.54,180.75,179332.0,3378
2021-06-21 11:00:00-04:00,180.76,181.15,180.66,180.88,123930.0,2228
2021-06-21 12:00:00-04:00,180.89,180.98,180.77,180.77,84965.0,1526
2021-06-21 13:00:00-04:00,180.77,180.87,180.66,180.66,85555.0,1551
2021-06-21 14:00:00-04:00,180.65,180.77,180.62,180.63,123037.0,2081
2021-06-21 15:00:00-04:00,180.65,180.81,180.37,180.64,240320.0,3783
2021-06-21 16:00:00-04:00,180.66,180.66,180.66,180.66,245025.0,33
2021-06-22 08:00:00-04:00,180.3,180.3,180.3,180.3,221.0,2
2021-06-22 09:00:00-04:00,180.67,180.68,179.99,180.05,77094.0,1312
2021-06-22 10:00:00-04:00,180.02,180.21,179.8,179.89,133368.0,2575
2021-06-22 11:00:00-04:00,179.9,180.26,179.64,179.73,115846.0,1926
2021-06-22 12:00:00-04:00,179.77,179.89,179.64,179.64,47631.0,1075
2021-06-22 13:00:00-04:00,179.63,179.69,179.45,179.51,46034.0,1004
2021-06-22 14:00:00-04:00,179.43,179.4603,179.15,179.18,76470.0,1495
2021-06-22 15:00:00-04:00,179.164,179.71,179.16,179.62,195914.0,4013
2021-06-22 16:00:00-04:00,179.63,179.63,179.57,179.63,18038.0,39
2021-06-23 08:00:00-04:00,180.92,181.5,180.92,181.5,1300.0,17
2021-06-23 09:00:00-04:00,181.11,181.53,180.05,180.815,88668.0,1335
2021-06-23 10:00:00-04:00,180.815,180.85,180.06,180.09,71978.0,1796
2021-06-23 11:00:00-04:00,180.09,180.19,179.66,179.73,83789.0,1651
2021-06-23 12:00:00-04:00,179.72,179.82,179.52,179.52,65364.0,1459
2021-06-23 13:00:00-04:00,179.52,179.8,179.37,179.72,73590.0,1342
2021-06-23 14:00:00-04:00,179.72,179.82,179.66,179.78,54976.0,1257
2021-06-23 15:00:00-04:00,179.8,180.19,179.59,179.89,219609.0,3456
2021-06-23 16:00:00-04:00,179.83,179.83,179.46,179.83,210872.0,32
2021-06-24 08:00:00-04:00,180.0,180.0,180.0,180.0,210.0,6
2021-06-24 09:00:00-04:00,179.99,182.15,179.98,181.98,99094.0,1475
2021-06-24 10:00:00-04:00,181.95,182.23,181.25,181.26,144774.0,3877
2021-06-24 11:00:00-04:00,181.32,181.36,180.69,180.71,102713.0,2883
2021-06-24 12:00:00-04:00,180.72,180.85,180.61,180.6288,76617.0,1599
2021-06-24 13:00:00-04:00,180.64,180.8687,180.5,180.53,117778.0,1451
2021-06-24 14:00:00-04:00,180.57,180.84,180.52,180.79,106426.0,1597
2021-06-24 15:00:00-04:00,180.79,180.81,180.36,180.71,241970.0,4211
2021-06-24 16:00:00-04:00,180.72,181.515,180.6868,181.515,73706.0,26
2021-06-25 09:00:00-04:00,181.32,181.99,181.32,181.9,168952.0,2154
2021-06-25 10:00:00-04:00,181.94,182.16,181.52,181.56,167070.0,2915
2021-06-25 11:00:00-04:00,181.57,181.82,181.4,181.72,113610.0,2166
2021-06-25 12:00:00-04:00,181.6986,181.94,181.52,181.88,198061.0,1814
2021-06-25 13:00:00-04:00,181.85,182.02,181.72,181.99,135829.0,1523
2021-06-25 14:00:00-04:00,182.0,182.0,181.84,181.93,113190.0,1839
2021-06-25 15:00:00-04:00,181.955,182.96,181.93,182.75,333210.0,5163
2021-06-25 16:00:00-04:00,182.74,183.42,182.74,182.74,428513.0,48
2021-06-28 09:00:00-04:00,183.76,183.99,183.06,183.9,57167.0,1024
2021-06-28 10:00:00-04:00,183.94,185.11,183.91,184.58,110759.0,2802
2021-06-28 11:00:00-04:00,184.56,184.69,184.3577,184.63,83739.0,1885
2021-06-28 12:00:00-04:00,184.63,184.67,183.79,183.81,159229.0,2289
2021-06-28 13:00:00-04:00,183.82,183.97,183.77,183.93,70690.0,1954
2021-06-28 14:00:00-04:00,183.935,184.05,183.66,183.86,168045.0,3031
2021-06-28 15:00:00-04:00,183.88,184.35,183.79,184.14,265929.0,4700
2021-06-28 16:00:00-04:00,184.14,184.14,184.14,184.14,6859.0,24
2021-06-29 09:00:00-04:00,184.14,185.01,183.91,184.59,114224.0,1835
2021-06-29 10:00:00-04:00,184.53,184.7,184.37,184.385,127700.0,3770
2021-06-29 11:00:00-04:00,184.34,184.35,183.91,183.92,133081.0,3910
2021-06-29 12:00:00-04:00,183.9,184.27,183.81,184.21,137623.0,2634
2021-06-29 13:00:00-04:00,184.21,184.29,184.11,184.26,137940.0,3292
2021-06-29 14:00:00-04:00,184.28,184.39,184.07,184.12,119043.0,2549
2021-06-29 15:00:00-04:00,184.12,184.37,184.0,184.3,235250.0,4164
2021-06-29 16:00:00-04:00,184.3,184.3,184.3,184.3,9958.0,25
2021-06-29 19:00:00-04:00,184.2,184.2,184.2,184.2,300.0,3
2021-06-30 09:00:00-04:00,184.5293,184.58,184.05,184.46,93652.0,1208
2021-06-30 10:00:00-04:00,184.495,184.59,184.19,184.29,174871.0,2312
2021-06-30 11:00:00-04:00,184.3,184.41,183.57,183.58,187340.0,3259
2021-06-30 12:00:00-04:00,183.58,183.86,183.495,183.8,137978.0,1812
2021-06-30 13:00:00-04:00,183.82,183.86,183.58,183.58,131973.0,1941
2021-06-30 14:00:00-04:00,183.57,183.61,183.335,183.335,222299.0,2656
2021-06-30 15:00:00-04:00,183.33,183.91,183.18,183.65,360430.0,6772
2021-06-30 16:00:00-04:00,183.71,183.71,183.71,183.71,52382.0,51
2021-07-01 07:00:00-04:00,184.13,184.13,184.13,184.13,282.0,5
2021-07-01 09:00:00-04:00,183.83,184.28,183.44,184.27,98472.0,1464
2021-07-01 10:00:00-04:00,184.23,184.65,184.15,184.38,271127.0,4146
2021-07-01 11:00:00-04:00,184.375,184.54,184.195,184.51,202889.0,4099
2021-07-01 12:00:00-04:00,184.52,184.58,184.27,184.42,166314.0,1981
2021-07-01 13:00:00-04:00,184.42,185.19,184.4,185.19,140630.0,3472
2021-07-01 14:00:00-04:00,185.15,185.37,185.06,185.11,114124.0,1929
2021-07-01 15:00:00-04:00,185.14,185.27,184.89,185.09,197168.0,3673
2021-07-01 16:00:00-04:00,185.1,185.1,184.14,184.14,13963.0,28
2021-07-02 09:00:00-04:00,184.82,185.02,184.31,184.9,114710.0,1636
2021-07-02 10:00:00-04:00,184.86,185.28,184.76,185.18,185055.0,3562
2021-07-02 11:00:00-04:00,185.18,186.21,185.13,186.15,203984.0,2222
2021-07-02 12:00:00-04:00,186.14,186.31,185.965,186.0,112584.0,1753
2021-07-02 13:00:00-04:00,186.04,186.05,185.89,185.92,57779.0,1103
2021-07-02 14:00:00-04:00,185.94,186.14,185.9247,185.995,131260.0,2777
2021-07-02 15:00:00-04:00,185.98,186.52,185.96,186.25,282083.0,5007
2021-07-02 16:00:00-04:00,186.28,186.28,185.58,186.28,48500.0,23
2021-07-02 17:00:00-04:00,186.3,186.3,186.3,186.3,100.0,1
2021-07-06 04:00:00-04:00,185.13,185.13,185.13,185.13,512.0,6
2021-07-06 09:00:00-04:00,186.0,186.5,184.82,185.83,392371.0,4619
2021-07-06 10:00:00-04:00,185.83,186.03,184.94,185.1,331343.0,7135
2021-07-06 11:00:00-04:00,185.06,185.32,184.885,185.22,128558.0,3016
2021-07-06 12:00:00-04:00,185.2,185.3,185.03,185.17,212188.0,4047
2021-07-06 13:00:00-04:00,185.14,185.25,184.99,185.04,120380.0,3226
2021-07-06 14:00:00-04:00,185.04,185.23,184.97,185.05,103884.0,2821
2021-07-06 15:00:00-04:00,185.07,185.32,184.35,184.39,662245.0,10139
2021-07-06 16:00:00-04:00,184.54,184.54,184.54,184.54,585797.0,38
2021-07-07 08:00:00-04:00,184.2887,184.2887,184.2887,184.2887,100.0,1
2021-07-07 09:00:00-04:00,184.77,184.77,183.85,184.27,159836.0,2167
2021-07-07 10:00:00-04:00,184.31,184.48,183.52,183.88,166374.0,3781
2021-07-07 11:00:00-04:00,183.87,184.15,183.7,184.01,140953.0,3193
2021-07-07 12:00:00-04:00,184.1,184.195,183.89,184.02,118754.0,1995
2021-07-07 13:00:00-04:00,183.98,184.15,183.97,184.035,141041.0,2453
2021-07-07 14:00:00-04:00,184.04,184.46,184.01,184.45,122622.0,2430
2021-07-07 15:00:00-04:00,184.45,184.76,184.2,184.27,471479.0,6431
2021-07-07 16:00:00-04:00,184.27,184.27,184.27,184.27,526121.0,30
2021-07-07 17:00:00-04:00,184.27,184.27,184.27,184.27,3642.0,1
2021-07-08 05:00:00-04:00,183.14,183.14,183.14,183.14,200.0,3
2021-07-08 06:00:00-04:00,183.13,183.67,183.13,183.67,400.0,3
2021-07-08 08:00:00-04:00,183.76,183.81,183.76,183.81,3810.0,46
2021-07-08 09:00:00-04:00,183.8,183.96,183.24,183.71,299947.0,4086
2021-07-08 10:00:00-04:00,183.73,183.74,182.19,182.23,342940.0,6014
2021-07-08 11:00:00-04:00,182.25,182.48,182.0,182.3,294450.0,4730
2021-07-08 12:00:00-04:00,182.3,182.86,182.28,182.83,80135.0,1451
2021-07-08 13:00:00-04:00,182.81,183.16,182.77,183.125,75298.0,1509
2021-07-08 14:00:00-04:00,183.15,183.46,183.07,183.19,97572.0,1932
2021-07-08 15:00:00-04:00,183.19,183.41,182.92,183.41,295433.0,4771
2021-07-08 16:00:00-04:00,183.4,183.62,183.4,183.62,2264667.0,53
2021-07-09 09:00:00-04:00,182.75,183.52,182.64,183.07,240240.0,3364
2021-07-09 10:00:00-04:00,183.07,184.42,183.02,184.22,272673.0,3402
2021-07-09 11:00:00-04:00,184.235,184.84,184.01,184.42,239260.0,3149
2021-07-09 12:00:00-04:00,184.44,184.5,183.8,184.24,183282.0,2644
2021-07-09 13:00:00-04:00,184.26,185.5,184.26,185.45,503210.0,5026
2021-07-09 14:00:00-04:00,185.46,185.49,184.62,184.65,247103.0,2990
2021-07-09 15:00:00-04:00,184.66,184.66,183.76,184.21,794388.0,9353
2021-07-09 16:00:00-04:00,184.2,184.87,183.51,184.2,3684517.0,50
2021-07-12 07:00:00-04:00,184.48,184.99,184.48,184.99,866.0,15
2021-07-12 08:00:00-04:00,185.06,185.27,185.06,185.27,623.0,7
2021-07-12 09:00:00-04:00,185.55,185.93,184.91,185.83,132845.0,1924
2021-07-12 10:00:00-04:00,185.78,186.8,185.615,186.57,256488.0,4486
2021-07-12 11:00:00-04:00,186.54,186.715,186.15,186.18,110336.0,2547
2021-07-12 12:00:00-04:00,186.19,186.32,185.91,186.02,131970.0,2514
2021-07-12 13:00:00-04:00,186.0,186.3,185.91,185.97,122001.0,2603
2021-07-12 14:00:00-04:00,185.98,186.22,185.94,186.15,151699.0,3089
2021-07-12 15:00:00-04:00,186.16,186.35,185.62,185.91,460214.0,7080
2021-07-12 16:00:00-04:00,185.91,185.91,185.91,185.91,379278.0,19
2021-07-13 06:00:00-04:00,186.03,186.03,186.03,186.03,465.0,4
2021-07-13 09:00:00-04:00,184.5,185.84,184.22,185.72,72025.0,1182
2021-07-13 10:00:00-04:00,185.74,186.05,185.42,185.85,101055.0,1878
2021-07-13 11:00:00-04:00,185.85,186.46,185.83,186.07,192260.0,2115
2021-07-13 12:00:00-04:00,186.06,186.17,185.86,186.14,67602.0,1214
2021-07-13 13:00:00-04:00,186.12,186.13,185.75,185.79,77121.0,1565
2021-07-13 14:00:00-04:00,185.75,186.08,185.62,186.02,80836.0,1822
2021-07-13 15:00:00-04:00,186.01,186.34,185.89,186.0,374380.0,6084
2021-07-13 16:00:00-04:00,185.98,185.98,185.98,185.98,22610.0,28
2021-07-14 07:00:00-04:00,187.0,187.0,187.0,187.0,2003.0,20
2021-07-14 08:00:00-04:00,185.98,188.0,185.98,187.78,757513.0,334
2021-07-14 09:00:00-04:00,187.82,187.9,186.54,186.77,1053518.0,8243
2021-07-14 10:00:00-04:00,186.81,187.45,186.25,186.96,1224642.0,10867
2021-07-14 11:00:00-04:00,186.93,187.21,186.38,186.51,566504.0,7218
2021-07-14 12:00:00-04:00,186.52,186.78,186.31,186.68,757067.0,3995
2021-07-14 13:00:00-04:00,186.68,187.03,186.65,186.99,187601.0,2777
2021-07-14 14:00:00-04:00,186.98,187.16,186.68,186.68,466135.0,3086
2021-07-14 15:00:00-04:00,186.71,186.9,186.52,186.68,1157227.0,8856
2021-07-14 16:00:00-04:00,186.61,186.61,186.61,186.61,1289757.0,28
2021-07-14 17:00:00-04:00,186.61,186.61,186.61,186.61,463896.0,1
2021-07-15 04:00:00-04:00,185.67,186.13,185.67,186.02,1132.0,13
2021-07-15 05:00:00-04:00,185.74,185.74,185.74,185.74,120.0,3
2021-07-15 06:00:00-04:00,185.28,185.28,185.28,185.28,108.0,2
2021-07-15 07:00:00-04:00,185.13,185.24,184.57,185.05,23761.0,1596
2021-07-15 08:00:00-04:00,184.92,184.92,184.92,184.92,300.0,3
2021-07-15 09:00:00-04:00,184.6,184.72,183.34,183.49,570352.0,6889
2021-07-15 10:00:00-04:00,183.47,183.49,182.28,182.31,1260539.0,14738
2021-07-15 11:00:00-04:00,182.305,182.41,181.78,181.91,1090653.0,13255
2021-07-15 12:00:00-04:00,181.9,181.92,181.33,181.36,776065.0,9007
2021-07-15 13:00:00-04:00,181.35,181.46,180.53,180.53,757713.0,8013
2021-07-15 14:00:00-04:00,180.52,181.2,180.52,181.19,941031.0,8251
2021-07-15 15:00:00-04:00,181.2,181.39,180.21,180.53,2289973.0,24140
2021-07-15 16:00:00-04:00,180.51,184.27,180.01,181.0,27863.0,78
2021-07-15 17:00:00-04:00,178.02,178.02,178.0,178.0,775.0,10
2021-07-15 18:00:00-04:00,179.15,180.51,179.15,180.51,709.0,8
2021-07-16 04:00:00-04:00,180.63,180.63,180.63,180.63,133.0,2
2021-07-16 07:00:00-04:00,180.91,180.91,180.67,180.67,815.0,10
2021-07-16 08:00:00-04:00,180.59,180.59,180.0,180.0,625.0,6
2021-07-16 09:00:00-04:00,180.45,180.69,179.27,180.6,1341082.0,12243
2021-07-16 10:00:00-04:00,180.64,181.29,179.89,181.01,1965868.0,18670
2021-07-16 11:00:00-04:00,181.03,181.52,180.69,181.28,1266303.0,12825
2021-07-16 12:00:00-04:00,181.28,181.5,180.64,180.675,821270.0,9880
2021-07-16 13:00:00-04:00,180.65,180.91,180.41,180.84,734994.0,8605
2021-07-16 14:00:00-04:00,180.84,181.0216,180.39,180.39,654866.0,8554
2021-07-16 15:00:00-04:00,180.4,180.47,179.7,180.13,2570887.0,28932
2021-07-16 16:00:00-04:00,180.03,180.45,179.66,180.0,126181.0,43
2021-07-19 05:00:00-04:00,179.29,179.29,179.18,179.19,500.0,7
2021-07-19 06:00:00-04:00,178.8,178.8,178.7,178.7,659.0,3
2021-07-19 07:00:00-04:00,178.99,178.99,178.99,178.99,314.0,10
2021-07-19 08:00:00-04:00,179.12,179.3,179.07,179.3,1006.0,23
2021-07-19 09:00:00-04:00,178.96,180.27,178.52,179.51,1284074.0,13326
2021-07-19 10:00:00-04:00,179.52,179.61,178.79,179.26,1946097.0,21449
2021-07-19 11:00:00-04:00,179.29,180.37,179.29,179.9,1277369.0,13224
2021-07-19 12:00:00-04:00,179.88,179.92,178.81,178.91,816850.0,9932
2021-07-19 13:00:00-04:00,178.91,179.19,178.54,179.075,916285.0,11096
2021-07-19 14:00:00-04:00,179.06,179.26,178.51,178.615,915241.0,10306
2021-07-19 15:00:00-04:00,178.61,179.63,178.525,179.45,2114967.0,21943
2021-07-19 16:00:00-04:00,179.45,180.12,179.45,180.12,42294.0,46
2021-07-20 06:00:00-04:00,180.13,180.77,180.04,180.67,2862.0,58
2021-07-20 07:00:00-04:00,180.64,180.98,180.51,180.98,3390.0,90
2021-07-20 08:00:00-04:00,181.37,181.4,181.22,181.39,2414.0,32
2021-07-20 09:00:00-04:00,181.81,182.67,180.13,182.43,808852.0,8270
2021-07-20 10:00:00-04:00,182.42,182.645,180.69,181.43,1527029.0,17300
2021-07-20 11:00:00-04:00,181.4,181.73,181.06,181.61,2312434.0,21085
2021-07-20 12:00:00-04:00,181.63,182.14,181.22,181.465,1261565.0,15000
2021-07-20 13:00:00-04:00,181.44,181.97,181.08,181.87,1489027.0,16125
2021-07-20 14:00:00-04:00,181.87,182.11,181.45,181.535,2318406.0,18191
2021-07-20 15:00:00-04:00,181.54,182.5,181.0,182.41,6494042.0,60200
2021-07-20 16:00:00-04:00,182.5,183.63,181.452,182.5,30345592.0,620
2021-07-20 19:00:00-04:00,183.0,183.0,183.0,183.0,200.0,1
