,0
2012-03-30,0.011533117389765035
2012-04-02,0.009553036828646055
2012-04-03,-0.028082337927541223
2012-04-04,-0.02889483853024155
2012-04-05,-0.011965987974717485
2012-04-10,-0.033388106662246675
2012-04-11,0.018963650260739096
2012-04-12,0.014290497496164845
2012-04-13,-0.034731544168113304
2012-04-16,0.01154125290383523
2012-04-17,0.024496669266253823
2012-04-18,-0.017032515884667476
2012-04-19,-0.01832733447909074
2012-04-20,0.017990564493560512
2012-04-23,-0.025675050706553737
2012-04-24,0.012320353900686642
2012-04-25,0.023326504657538827
2012-04-26,0.006276924366666492
2012-04-27,0.004924294066207535
2012-04-30,-0.011107368471490409
2012-05-02,-0.010571363553902646
2012-05-03,-0.01035093365172779
2012-05-04,-0.016194238173709352
2012-05-07,0.017832841857678083
2012-05-08,-0.01718311041281917
2012-05-09,-0.019541075245989137
2012-05-10,0.012237716698013434
2012-05-11,-0.0034544628614331385
2012-05-14,-0.027035892784443516
2012-05-15,-0.017813177639738997
2012-05-16,-0.004714584749740847
2012-05-17,-0.013119452827451306
2012-05-18,0.005169566176626228
2012-05-21,0.024981696745869808
2012-05-22,-0.005734524018756515
2012-05-23,-0.013338659831180877
2012-05-24,-0.008402808272559348
2012-05-25,0.0025791222663507085
2012-05-28,0.0
2012-05-29,0.003307239478020252
2012-05-30,-0.03479835928236774
2012-05-31,0.0034156221392218633
2012-06-01,-0.023071267404105478
2012-06-04,0.020131736707749592
2012-06-05,-0.0015177965874260124
2012-06-06,0.036107636135177756
2012-06-07,-0.006236500206623585
2012-06-08,0.004799086976764233
2012-06-11,-0.01616459586158292
2012-06-12,0.014936539998774201
2012-06-13,-0.004415198939846876
2012-06-14,0.01330412303170836
2012-06-15,0.018065526776764207
2012-06-18,-0.017005833636435597
2012-06-19,0.027830353009673514
2012-06-20,0.004390633823532664
2012-06-21,-0.025501216315058306
2012-06-22,0.012710409554713031
2012-06-25,-0.03506808561356689
2012-06-26,0.0034429124871302452
2012-06-27,0.012199942741544678
2012-06-28,-0.0011301981707592113
2012-06-29,0.06410235416536847
2012-07-02,0.008504828539435128
2012-07-03,0.008784258782648768
2012-07-04,0.0
2012-07-05,-0.03413448788642515
2012-07-06,-0.023800817034473343
2012-07-09,-0.0007386793816885895
2012-07-10,-0.00924245499570342
2012-07-11,0.00895524586705454
2012-07-12,-0.008505646723240279
2012-07-13,0.0138006707221896
2012-07-16,-0.001839899105386178
2012-07-17,0.009214893754577291
2012-07-18,0.008765854200626366
2012-07-19,0.00651675080312053
2012-07-20,-0.038129585287074996
2012-07-23,-0.025803856689813776
2012-07-24,-0.022264920950221145
2012-07-25,0.013348951580849366
2012-07-26,0.05269296407414581
2012-07-27,0.037541158429791555
2012-07-30,-0.0024826105723518843
2012-07-31,-0.003556587965984903
2012-08-01,0.00035706913866939693
2012-08-02,-0.034962377762814634
2012-08-03,0.06580346903243828
2012-08-06,0.01283430807914665
2012-08-07,0.01917806102518571
2012-08-08,-0.006384521824624456
2012-08-09,-0.005072518291572847
2012-08-10,-0.0010199443645799722
2012-08-13,-0.0006802733489914559
2012-08-14,0.002383345634276113
2012-08-15,-0.002717429306129282
2012-08-16,0.01975461320037475
2012-08-17,0.002003989329889322
2012-08-20,0.001000037692932887
2012-08-21,0.011322030740603672
2012-08-22,-0.0009877612499907817
2012-08-23,-0.013513587617484668
2012-08-24,0.0
2012-08-27,0.006014070769912339
2012-08-28,0.002657055775038941
2012-08-29,-0.005299935671460032
2012-08-30,-0.015650978971452956
2012-08-31,0.017591301825211403
2012-09-03,0.0
2012-09-04,0.003657083844529785
2012-09-05,0.0009937437762581602
2012-09-06,0.038384871047936864
2012-09-07,0.020713923307153603
2012-09-10,-0.012800482599869434
2012-09-11,0.02182165049329865
2012-09-12,0.005880288069967099
2012-09-13,0.01384615745031259
2012-09-14,0.01396061833200024
2012-09-17,-0.005088179697045669
2012-09-18,-0.014440298456814826
2012-09-19,0.00610517784087139
2012-09-20,-0.010012338857785519
2012-09-21,0.006277886461887094
2012-09-24,-0.007033815319857917
2012-09-25,-0.010163386191290535
2012-09-26,-0.017112261243058202
2012-09-27,0.012345578039946625
2012-09-28,-0.029706483785662208
2012-10-01,0.01127978951657349
2012-10-02,0.008285227026210595
2012-10-03,-0.003476519028811409
2012-10-04,0.012369342727361898
2012-10-05,0.00845862644054951
2012-10-08,-0.009319952644715856
2012-10-09,-0.02477266006438139
2012-10-10,-0.002572024218186697
2012-10-11,0.011605448431666554
2012-10-12,0.0019119616991938315
2012-10-15,0.011132421778279111
2012-10-16,0.02956901049465488
2012-10-17,0.013748935503868465
2012-10-18,-0.004521019503228696
2012-10-19,-0.020890203698574084
2012-10-22,0.006802886494090998
2012-10-23,-0.026719935415092766
2012-10-24,-0.0031552833649172163
2012-10-25,0.001265930477125199
2012-10-26,0.004110226484639767
2012-10-29,0.0
2012-10-30,0.0
2012-10-31,0.005037679137719575
2012-11-01,0.011904824748014908
2012-11-02,-0.011764767255635356
2012-11-05,-0.006892132673268048
2012-11-06,0.010725463068082863
2012-11-07,-0.02340843683314009
2012-11-08,-0.011504948835081796
2012-11-09,-0.0003234174969410919
2012-11-12,0.0029107000811803285
2012-11-13,-0.00386973036772964
2012-11-14,-0.007769526708907071
2012-11-15,0.0045674685445371566
2012-11-16,-0.00811919474429057
2012-11-19,0.029796809215471898
2012-11-20,0.00476971257961134
2012-11-21,0.00411394995273362
2012-11-22,0.0
2012-11-23,0.027418432934513293
2012-11-26,-0.0009199467173475195
2012-11-27,-0.0104391407809995
2012-11-28,0.011169488206934863
2012-11-29,0.010125965986253815
2012-11-30,0.0030378181487495937
2012-12-03,0.0030284476594721887
2012-12-04,0.007246312295294155
2012-12-05,0.0023980322767096496
2012-12-06,-0.0017941796154858913
2012-12-07,-0.006890527264448498
2012-12-10,-0.0012065271747755402
2012-12-11,0.01449700315143021
2012-12-12,0.005358921135980577
2012-12-13,-0.0023692504719373675
2012-12-14,0.009201669499458776
2012-12-17,0.004411819245007331
2012-12-18,0.011127686117262892
2012-12-19,-0.0005794791194358995
2012-12-20,0.008113830929982857
2012-12-21,-0.00690565611886107
2012-12-24,-0.006692185478824775
2012-12-27,0.012302308295909725
2012-12-28,-0.019965055756552386
2012-12-31,0.023324453946584223
2013-01-02,0.010386526718027866
2013-01-03,-0.015419833078318401
2013-01-04,0.008700341737503114
2013-01-07,-0.004025123324123747
2013-01-08,-0.0028864770124648054
2013-01-09,0.0017366570770775969
2013-01-10,0.020231445135637127
2013-01-11,0.008215145286160519
2013-01-14,0.0022480139129121834
2013-01-15,-0.0075695399151135545
2013-01-16,-0.0067796069775671874
2013-01-17,0.012798631422457518
2013-01-18,-0.0022464373287995887
2013-01-21,0.0
2013-01-22,0.002533069670778154
2013-01-23,-0.005053417313556463
2013-01-24,0.007054401640290919
2013-01-25,0.018492460769606867
2013-01-28,-0.0008255909523472438
2013-01-29,0.0008262731159558445
2013-01-30,-0.0005504452058007203
2013-01-31,-0.010735056048373437
2013-02-01,0.012799229882116014
2013-02-04,-0.04450564041635774
2013-02-05,0.013513682848877773
2013-02-06,-0.011630948146485243
2013-02-07,-0.01607364088401797
2013-02-08,0.008168070988095799
2013-02-11,-0.0026040849875559324
2013-02-12,0.013634562157825103
2013-02-13,0.004293580546173459
2013-02-14,-0.013109106838098183
2013-02-15,-0.009818305204853939
2013-02-18,0.0
2013-02-19,0.021580639531729284
2013-02-20,-0.022552003992089786
2013-02-21,-0.023364677380637744
2013-02-22,0.025119752734913847
2013-02-25,-0.03909011804808327
2013-02-26,0.005464565686995604
2013-02-27,0.022041445211735677
2013-02-28,-0.005022273484134088
2013-03-01,-0.006235207567487633
2013-03-04,0.007768352386113175
2013-03-05,0.01423028934841608
2013-03-06,0.004092433648521521
2013-03-07,0.009606849524301575
2013-03-08,0.0028834703855813437
2013-03-11,0.000862537901705096
2013-03-12,-0.004596210961018921
2013-03-13,-0.005194562475806852
2013-03-14,0.013924714406707617
2013-03-15,-0.0011462684963691183
2013-03-18,-0.02124014610328029
2013-03-19,-0.008504460808942849
2013-03-20,0.016267245855156043
2013-03-21,-0.014260460877880798
2013-03-22,0.012400153639546607
2013-03-25,-0.027413394261925017
2013-03-26,-0.0005993443077966232
2013-03-27,-0.01650168191426038
2013-03-28,0.00793180488409817
