date,QQQ Buy-and-Hold,Equal-Weight Monthly,Inverse Volatility,Momentum Top-20%,Supervised + MVO
2023-05-09,-0.006333329915333641,-0.00666534227638484,-0.006665342276384838,-0.006665342276384838,-0.006665342276384838
2023-05-10,0.010881904625048122,0.006294913407036838,0.0062395355797650156,0.0062395355797650156,0.0062395355797650156
2023-05-11,0.003260254206904234,-0.001998266168310896,-0.002030628721174316,-0.002030628721174316,-0.002030628721174316
2023-05-12,-0.0035869591781793053,-0.0018096073235906933,-0.0018568773766197179,-0.0018568773766197179,-0.0018568773766197179
2023-05-15,0.0054148866531891215,0.010036709797798034,0.010124443250429372,0.010124443250429372,0.010124443250429372
2023-05-16,0.0011322378432274682,-0.009775721867420942,-0.009967343313818693,-0.009967343313818693,-0.009967343313818693
2023-05-17,0.012104220638321284,0.012045536285411254,0.012037335313213313,0.012037335313213313,0.012037335313213313
2023-05-18,0.01857317987821072,0.01701970359857239,0.016733438894146652,0.016733438894146652,0.016733438894146652
2023-05-19,-0.0022531585193313886,-0.0029097144983176717,-0.0028937990417449762,-0.0028937990417449762,-0.0028937990417449762
2023-05-22,0.0033578721855225258,0.00568207095036301,0.005694669524662343,0.005694669524662343,0.005694669524662343
2023-05-23,-0.012676456953295556,-0.013321740697677735,-0.013193239369778561,-0.013193239369778561,-0.013193239369778561
2023-05-24,-0.005129487813314015,-0.006696125573696671,-0.006757053975106801,-0.006757053975106801,-0.006757053975106801
2023-05-25,0.02433302075038246,0.006326935658564471,0.005414562793000641,0.005414562793000641,0.005414562793000641
2023-05-26,0.025550507134952216,0.026322681444044236,0.025009429927791007,0.025009429927791007,0.025009429927791007
2023-05-30,0.0045351742441064324,-2.3124032892354033e-05,-0.00012225099751378424,-0.00012225099751378424,-0.00012225099751378424
2023-05-31,-0.0056863389685901655,-0.004736011883406908,-0.003930172872684296,-0.003930172872684296,-0.003930172872684296
2023-06-01,0.011552172281008577,0.00730817571413413,0.007053762213152656,0.007053762213152656,0.007053762213152656
2023-06-02,0.007499877290276791,0.011787143994531265,0.011825373594617083,0.011825373594617083,0.011825373594617083
2023-06-05,0.0007047127589219215,0.00037962186971568913,0.00037390630893131507,0.00037390630893131507,0.00037390630893131507
2023-06-06,-0.0001688651180254963,0.00269416480060637,0.002729843146248161,0.002729843146248161,0.002729843146248161
2023-06-07,-0.016965593253765676,-0.010101050409647122,-0.009940680279003201,-0.028355891679289584,-0.009940680279003201
2023-06-08,0.012413339878417862,0.008603391399941873,0.008534314515843093,0.01703192243388205,0.008534314515843093
2023-06-09,0.0038225968624998607,-0.0008793506558709718,-0.0009098278204165521,0.006696067549685133,-0.0009098278204165521
2023-06-12,0.016897079397013792,0.015324070828723644,0.015313181835562196,0.024577973412124636,0.015313181835562196
2023-06-13,0.007683999996213942,0.009307775098477208,0.009378194722785164,0.012213143525014332,0.009378194722785164
2023-06-14,0.007267610536071167,0.002064766308786644,0.0020635957165294865,0.005907148599118189,0.0020635957165294865
2023-06-15,0.011915955453925209,0.011002295853820659,0.011153328134067268,0.0033793105316419292,0.011153328134067268
2023-06-16,-0.006293012866515735,-0.004896475435000194,-0.004929234641352736,-0.008499010877039212,-0.004929234641352736
2023-06-20,-0.0014314814116924701,-0.007747403466779398,-0.007636673674267965,-0.011757490148620665,-0.007636673674267965
2023-06-21,-0.013627897630562269,-0.010724689331689248,-0.010637582552232535,-0.02686541216209349,-0.010637582552232535
2023-06-22,0.01179893533619536,0.0031564193657011123,0.003130827987346682,0.006941799964158853,0.003130827987346682
2023-06-23,-0.009913292844106913,-0.012402775524996117,-0.01249365045583037,-0.015274190726655142,-0.01249365045583037
2023-06-26,-0.013405492347018155,-0.0014791247173509693,-0.0013491941845326148,-0.006274032522730043,-0.0013491941845326148
2023-06-27,0.017194095330178127,0.01631440074863797,0.016425487945883874,0.026489921224892878,0.016425487945883874
2023-06-28,0.0019514597378609277,0.0012423146932071456,0.0013810610718064148,0.0019117206088946255,0.0013810610718064148
2023-06-29,-0.0020023837578159176,0.0003322087162961523,0.00021331754772098803,0.0006773218068855246,0.00021331754772098803
2023-06-30,0.015420016842055073,0.011957235369316949,0.011994935294799584,0.011156014110143959,0.011994935294799584
2023-07-05,0.002328034803378287,0.002859912904696002,0.002769249432562613,0.010694698590728677,0.002769249432562613
2023-07-06,-0.007615989998387085,-0.012837790508950744,-0.012823404757594026,-0.013062451284618094,-0.012823404757594026
2023-07-07,-0.003319863135415657,-0.0002845626309528649,-0.00020051461467135955,0.0022467526233779945,-0.00020051461467135955
2023-07-10,0.0003274166857329952,0.01742876557579426,0.017384368378046227,0.020359379214064756,0.019893193644864235
2023-07-11,0.004940505089912284,0.007954059829952023,0.007983861869902024,0.008183396391226875,0.008261031915891124
2023-07-12,0.012630040362953565,0.005839250137279423,0.006001260116671011,-0.003819999796469404,0.0070032207002538645
2023-07-13,0.016978768894680085,0.011371727175933228,0.011395946757204282,0.01202454955988655,0.011043381904416495
2023-07-14,-0.0002109544340057612,-0.0026204541119411815,-0.0024945777514608844,-0.005698168312476258,-0.014926978580392481
2023-07-17,0.009338542005460804,0.011014994149006111,0.01098144463488693,0.015859069606144686,0.013893138868693413
2023-07-18,0.008180755651387095,0.0034688133599196738,0.0035502310763485647,0.007303436077229172,-0.0009101996113299613
2023-07-19,-0.00023353027344963362,0.00017432164449284967,0.00037960775505150907,-0.006386163256727961,0.004702861634103261
2023-07-20,-0.02305180177195132,-0.015786479405765275,-0.015498500122446048,-0.023440734003897932,-0.020592548104702596
2023-07-21,-0.0029992295142338143,0.004418146514775006,0.004466663440359192,0.0029018763217430934,0.0002636028022796985
2023-07-24,0.001597314328187549,-0.00015372162870972304,-0.0001409820070900305,0.004162124302192662,0.0013263275912591779
2023-07-25,0.006777821434182041,0.0060722248250902775,0.005978814626733364,0.004527517807955945,0.011462884944636743
2023-07-26,-0.0033266362258638216,-0.001785950705291107,-0.0017554598181620514,0.0038844810423161367,0.0007382344145476455
2023-07-27,-0.0023838536012582567,-0.0034931536500561844,-0.0034052471559442607,-0.01205162636774244,-0.004968524866454798
2023-07-28,0.018214601851070267,0.014599365633670851,0.0146149641827913,0.018505881249596935,0.02583597116827687
2023-07-31,0.0005216735234934156,0.003069495307519837,0.003080241970952603,0.004027494813489963,0.0071079211283834225
2023-08-01,-0.0023196635385804854,-0.0039005757099041974,-0.003947779047608471,-0.004715430398346161,-0.006123184295958001
2023-08-02,-0.021944196206930777,-0.02091765182542044,-0.02089877204001505,-0.030825422417540098,-0.031222337850556264
2023-08-03,-0.0016026874180350426,-0.0008308467598309948,-0.0007308370084702503,-0.0003099208642860548,0.0018095421610700854
2023-08-04,-0.00468160821044572,-0.005904930963077306,-0.005935574754327075,-0.006014052219776561,-0.012100736991943322
2023-08-07,0.008466714942745313,0.007627854216480872,0.007467807054644894,0.010331314835480098,0.004087983909153732
2023-08-08,-0.008502552268350283,-0.009961153622182277,-0.010034667716047522,-0.004851973076587528,0.0002132361940641987
2023-08-09,-0.010994359633448747,-0.005431460550423857,-0.005364958366424686,-0.006658525390223436,-0.008577908769716253
2023-08-10,0.001848062161708297,0.00206977059774574,0.002061081451983429,0.009212425238826387,0.0061194335814434234
2023-08-11,-0.006375394853595284,-0.005594151886489851,-0.005763841815758783,-0.007461691489388975,-0.010703017497694868
2023-08-14,0.011221993334097347,0.007336438359599891,0.0077498536681285405,0.0013037094107729826,0.01043537288671635
2023-08-15,-0.010611573839756638,-0.01233609322325575,-0.012640302745833927,-0.010292158455088704,-0.01522514779591073
2023-08-16,-0.010588854328772879,-0.009992655284151464,-0.009959118531766769,-0.008226746615852404,-0.015025491670211957
2023-08-17,-0.010923053892317847,-0.011176625569001383,-0.011173373611912575,-0.008211847620332433,-0.010235885941243038
2023-08-18,-0.0012548836666861352,0.0004954001756118522,0.0005139976024839496,-0.0034635242405671794,-0.0008753839674074842
2023-08-21,0.016111340761552073,0.010941681609018584,0.011474118613116356,0.005731719797179128,0.011790078784605551
2023-08-22,-0.0014288373860473769,-0.0015330836295413548,-0.0015303250870899883,-0.0016273703388404693,-0.004895730941303111
2023-08-23,0.015768599674285788,0.012759737760490952,0.012854089732531236,0.01054516137967074,0.01457894510818319
2023-08-24,-0.021375683542329993,-0.021852839476285146,-0.022223423232817886,-0.020245892170764845,-0.021841985427451385
2023-08-25,0.007751440724478531,0.008889900862263832,0.009039038718470744,0.0023527514282196287,0.007846975981580578
2023-08-28,0.007526983654758901,0.007581109493468279,0.0076074585267387525,0.007133439584550091,0.006197511289724553
2023-08-29,0.021840024007488745,0.017687390811363654,0.017997730453376555,0.014048527497371437,0.020241157814111666
2023-08-30,0.005576606866945832,0.0050003633127408825,0.0050404950309660594,0.007165308727914203,0.0034410910255599845
2023-08-31,0.0029985983525464555,0.0006108310543807145,0.0006138913813197901,0.00012062055519466012,0.004150261990351973
2023-09-01,-0.0010583368654937253,0.002235998896439882,0.002202512489621916,0.004766622408333699,0.00366178970676558
2023-09-05,0.0012712841233055716,-0.003823947417165667,-0.0037989049436128004,-0.00013308641522071836,-0.007869676421442493
2023-09-06,-0.008807885063728649,-0.002255302273255583,-0.0022235851957274734,-0.004184954530185763,-0.005244491566369461
2023-09-07,-0.007151543888328948,-0.007358389763029858,-0.007405599879438816,-0.002665569957779072,-0.008684190704750789
2023-09-08,0.0013974166774486374,-0.00028150602726277136,-0.00037253855890123096,-0.005225550043149827,-0.0037172030576931147
2023-09-11,0.011782730235780914,0.008103580834746943,0.007998485664608194,0.00901381879764595,0.007850369335294219
2023-09-12,-0.011088371619086823,-0.008136851634636117,-0.008071829846681144,-0.015054926128029127,-0.00922715835223553
2023-09-13,0.003809112920421187,0.00028178383637830095,0.00031114604194974543,-0.0033100050985817356,0.0020388242727847885
2023-09-14,0.00817739002650475,0.00882915141216548,0.008822413178079464,0.006167671099176631,0.004123481498397803
2023-09-15,-0.017123026159458266,-0.015348033757799766,-0.01536729861661028,-0.01733044467773317,-0.022751513637816828
2023-09-18,0.0010424061654841221,-0.0007279750703166262,-0.0007121525826985679,-0.0057083495209572736,-0.0017352976617507297
2023-09-19,-0.0021312941985469624,-0.003316335354384237,-0.0033256660595544717,-0.0075000765690017915,-0.006882975292276267
2023-09-20,-0.014410585782551166,-0.008901253019974718,-0.009007447265850824,-0.017209464960246938,-0.015724355778892293
2023-09-21,-0.018324466277454654,-0.01824808287565555,-0.01848717826317123,-0.02136122341603829,-0.0194235320198717
2023-09-22,0.00013968297324207235,0.0010260584120408464,0.0011597105126953439,0.0009379994954195485,0.0008369870560821504
2023-09-25,0.004749854178724755,0.002421134769355137,0.0024486607487179592,0.001373744740574398,0.002548500090177634
2023-09-26,-0.015016304492745602,-0.01184856374683886,-0.011713861301847404,-0.014100274719354674,-0.009697855429244196
2023-09-27,0.002343277336168903,0.004810436080343351,0.005028148027312066,0.003942997898495473,0.004343601685213971
2023-09-28,0.008365301319781082,0.007218907912395931,0.007320798936006436,0.0038724068680965886,0.01085318397506857
2023-09-29,0.0007262026083676432,0.0009768207536534164,0.0013222811514294179,-0.0039911306681449975,0.005386022110151105
2023-10-02,0.008345744501744523,-0.0016463686722871756,-0.001586848383531202,-0.003915859169859165,-0.0009312418045475535
2023-10-03,-0.017549745170230335,-0.017120449182731142,-0.017107122903288606,-0.019773860378360923,-0.016631968642503613
2023-10-04,0.013608755788081073,0.01109904063082155,0.011128710983303813,0.007507759890987759,0.009582070744078554
2023-10-05,-0.002946391867280851,-0.006359517230554932,-0.006416132660948926,-0.002372835192145323,-0.008585150510192733
2023-10-06,0.016755246902135257,0.016637197866105322,0.016649730921125528,0.012240791250780973,0.01581521209116089
2023-10-09,0.005100006089812759,0.00502122517952618,0.004998053126392849,0.00832895092715097,0.001382268528442363
2023-10-10,0.005537913263380823,0.010133449219958754,0.010265307566151951,0.008289070550370965,0.018189212103416345
2023-10-11,0.007135569184733903,0.001961184696267058,0.0016670735099705001,0.010157648148213603,9.205297854496952e-05
2023-10-12,-0.0034750538810837117,-0.009493768037460925,-0.009812374861755619,-0.003474114532882021,-0.017482750490956083
2023-10-13,-0.012570174695576974,-0.008599911771943745,-0.008379169575659724,-0.013090033877855945,-0.00441543116181401
2023-10-16,0.011306357874391937,0.012800475653177292,0.012959749752444617,0.007216086198560992,0.012509166580515482
2023-10-17,-0.0032752081713236514,5.502443657919874e-05,4.185641919102751e-05,-0.003688086241057486,-0.0040636110726175985
2023-10-18,-0.013118006528087589,-0.015113535040641909,-0.01516086765983029,-0.011399887297195498,-0.017733841866669334
2023-10-19,-0.009356879967413523,-0.01226442138007638,-0.012179319667286083,-0.01587198111193735,-0.014817763640849184
2023-10-20,-0.014917934346790007,-0.014108633198679764,-0.014079828529559659,-0.018191928625513994,-0.014615560864542975
2023-10-23,0.003017621591142161,-0.0017988799829252223,-0.0017695574501801021,0.000424555352407533,-0.003854615867311229
2023-10-24,0.009728083134687315,0.008777865800335452,0.008751570197578908,0.007959841859868434,0.005063184479802853
2023-10-25,-0.02447590303384639,-0.02390289059456374,-0.02402760741430019,-0.027140647709647938,-0.02705656213064325
2023-10-26,-0.019067371420221413,-0.010896874112752537,-0.011149019782579015,-0.01242781409765904,-0.01050319057626941
2023-10-27,0.004801534907010296,-0.0035842158811579326,-0.00357964836980544,-0.009157267129196048,-0.006497389668641171
2023-10-30,0.01126518296415746,0.003513622544184994,0.0031602438255721537,0.007160445928859365,-0.0008938071228070942
2023-10-31,0.004782493116584963,0.007615818181194888,0.007632296517348272,0.002084697750373472,0.010541416856887293
2023-11-01,0.01735674813571375,0.00928626526207769,0.0088750560962686,0.012995780613110457,0.011279857226121159
2023-11-02,0.01815335581752442,0.020804941803824775,0.020832918572789374,0.01350400555812069,0.021609587677281373
2023-11-03,0.011748636042422156,0.017193117615781704,0.017261063001549726,0.015511275791434364,0.02524599415110378
2023-11-06,0.004079499043069479,-0.006243813219109155,-0.0061393763054617195,-0.00412910055232005,-0.008756471301485564
2023-11-07,0.009452676880263855,0.010439938780639566,0.010602693332522912,0.004778135717416137,0.011395463109390238
2023-11-08,0.0006437979647950787,-0.006803607292579336,-0.006608056268014159,-0.016916442520306024,-0.009165682993305856
2023-11-09,-0.007695639422429346,-0.007027687160156139,-0.007134103416593691,-0.0035481702684384,-0.01209945080589965
2023-11-10,0.022482349858343298,0.016776709980383598,0.01662829123299838,0.011062122093032532,0.018085669751856086
2023-11-13,-0.0031185932789159487,0.00030955931492093096,0.0002540494286439167,0.0010090429389031262,-0.0025160780053243596
2023-11-14,0.02152655968497541,0.02730175254260974,0.02724354112230936,0.021329919543139637,0.031447362257562415
2023-11-15,0.0007525817769407084,0.006317867944798207,0.006439290184194095,0.00017061568816865633,0.00855789225133648
2023-11-16,0.000855814060939375,-0.006792117399056825,-0.006973554257962542,0.0028906727414836535,-0.01449041481372918
2023-11-17,0.00023314596700751977,0.004373197087319999,0.004565596315805596,-0.002874258576496773,0.0020402374044739048
2023-11-20,0.012174850607820975,0.012640432107525391,0.012386600322881637,0.01762367280989209,0.013793638927962669
2023-11-21,-0.00580960407421971,-0.005760852951649027,-0.005615919279370261,-0.010919963927741094,-0.005379024341753585
2023-11-22,0.0040931226001059695,0.003514468420399116,0.003521064566616016,0.006390989283761761,0.009589278622384791
2023-11-27,-0.002281596294251731,0.0003786518923240892,0.00027927478544657007,0.006623607031056761,0.0034119504031223723
2023-11-28,0.002620961652489484,-0.00047540964594457993,-0.00044306474066108185,-0.009888579379277255,0.00753997642157334
2023-11-29,-0.0009740582762252092,0.009460783450897733,0.009125729698074849,0.01693235796293569,0.01709939904192786
2023-11-30,-0.0025140557634421024,-0.0050804209077991574,-0.005000527954270201,-0.004822065976947278,-0.007307386595744556
2023-12-01,0.0028548321889130257,0.012063454889928037,0.012193420347352265,0.005871630572045372,0.020053233035887498
2023-12-04,-0.009283324522820324,-0.006335234185658615,-0.0063101029550321356,-0.007367000454915487,-0.005822683327056609
2023-12-05,0.0025106642779217925,-0.0048116924257632756,-0.004759252676633179,-0.002435603092785077,-0.008738921791974158
2023-12-06,-0.005783723484744763,0.00232807955289576,0.0023024993416238073,0.0018106275190261046,0.0049922568527883465
2023-12-07,0.013972130289154894,0.005628706263986447,0.0056511262661230405,0.001124626934605602,0.011875546596035081
2023-12-08,0.004456745020912756,0.004772106738528346,0.004824353757373139,0.007008714941303853,0.0038585598877285488
2023-12-11,0.0085420340118052,0.014498690428333544,0.014667561563067049,0.011186404727573382,0.01897690432145143
2023-12-12,0.007964388810955292,0.0033444358474871132,0.0032752603201321086,-0.005010994558290827,-0.0005796130718451665
2023-12-13,0.012717191764985314,0.017912637388437146,0.01789912851662433,0.019579046145420317,0.024604950732084133
2023-12-14,-0.0008667448547702294,0.010887518506922355,0.010867753784023883,0.029576081243355503,0.037773318751282314
2023-12-15,0.004833842510653552,-0.0005253094728623405,-0.00042635206080710936,-0.00033869352019056374,-0.0013077730619334071
2023-12-18,0.0062986067851451555,0.003492446388538387,0.003748353846309054,-0.004089730988839531,0.002744855854861116
2023-12-19,0.005109753532122729,0.006756144902993388,0.006533791894855238,0.014075560422100635,0.016811536624990235
2023-12-20,-0.014859823421377372,-0.010791092715202295,-0.010618132479245639,-0.014358167533063971,-0.010289345113848561
2023-12-21,0.011635543454743491,0.005369536391512906,0.005184589883618825,0.0034688354703119612,0.010541614765108665
2023-12-22,0.0014958853500290914,0.007934240710021722,0.007912762086927648,0.004538257156267926,0.008728725512079004
2023-12-26,0.006121708935123316,0.007626732172538728,0.0073629702699807365,0.01229528653839798,0.007369740254438205
2023-12-27,0.002035667227989091,-0.001107875009543855,-0.0011908529208478774,0.0016223659964702875,0.000725025083517035
2023-12-28,-0.0004859510217455343,0.0026384277476376654,0.0027512035520739554,0.002340860784391531,0.00345623574571434
2023-12-29,-0.004327749493745592,-0.004515568869017765,-0.004383744822043503,-0.006362620538944709,-0.00793823026433314
2024-01-02,-0.01692220131694222,-0.015394789622961013,-0.015271966587111701,-0.017462282096089736,-0.02079102674233944
2024-01-03,-0.010581575070376936,-0.00796783037281853,-0.007964510188966373,-0.012798691108082337,-0.008967554489449563
2024-01-04,-0.005146439998156449,-0.0050894618199646725,-0.0051121535941473,-0.005514370496080569,-0.008755792007693683
2024-01-05,0.001186051572571456,-0.002800937236032329,-0.0027729267384323307,0.0042902236639286735,0.00010212879272913
2024-01-08,0.020667893956210825,0.019675628263342033,0.019693341310735232,0.027288537628128953,0.027857685923129333
2024-01-09,0.0019755494515962813,0.0006599570471350104,0.0005364944792327492,0.000258157781825955,0.0015114135787892378
2024-01-10,0.0067775238095815205,0.005045782186041574,0.004906459885621642,0.0018817238809596278,0.0013962218393836355
2024-01-11,0.0020808935077254453,-0.0014291149337731586,-0.0016410857014982285,0.0005200903564906762,-0.0009556538960657833
2024-01-12,0.0005129246844910451,-0.0011018768056060672,-0.0011569639723861516,-0.006200064951441991,-0.002295893870539797
2024-01-16,-9.763550316188585e-05,-0.0038196427831671425,-0.003995760340743592,-0.004277359274446458,-0.00895525545064313
2024-01-17,-0.0056407337723141104,-0.006705034422550342,-0.006827280209900714,-0.0067846503463326316,-0.010720454729814127
2024-01-18,0.014194143114514501,0.01338692318515289,0.013228224917591161,0.015070811045879571,0.01831809773473928
2024-01-19,0.019830964853488897,0.017076999012611477,0.01671662145225583,0.015269978090519276,0.021584492840899264
2024-01-22,0.001305816322008102,0.00409264038105259,0.003934823354791887,0.0012483292109866627,0.0018018548270301842
2024-01-23,0.004149750992991974,0.0028881376601957672,0.0032410602329141177,-0.004871937141180625,0.00468400480935559
2024-01-24,0.005549066995215179,0.0031248030494191487,0.002471033822816175,0.012859443887628741,0.004862735308612135
2024-01-25,0.0012212007227503374,-0.0005581881230155425,-0.0005107061876056245,-0.004305834964076504,-0.00857434969763657
2024-01-26,-0.005957653137839802,-0.0011404740852843493,-0.0009255152644425813,-0.002573264569847661,-0.004260132465241181
2024-01-29,0.010240612383698888,0.002538694807615713,0.0023883207630523155,0.005013373853878108,0.0042932956908147924
2024-01-30,-0.006656570842333065,-1.537103737938004e-05,5.750842907758493e-05,-0.004841909547064175,0.00024621270227057773
2024-01-31,-0.01958619398802741,-0.008619061877356535,-0.008363963506047494,-0.015933759731452946,-0.006740391243634993
2024-02-01,0.01177547552656244,0.0035530627072337187,0.0033657805900457315,0.0066137173451643345,0.002358445158056735
2024-02-02,0.016900417921162703,0.005098604225625337,0.005128036162582229,0.017900111111818766,-0.0010224394549216724
2024-02-05,-0.001305213843120434,-0.004311031687870165,-0.004424131571260686,-0.003888434207043085,-0.0051133857203698
2024-02-06,-0.002007332951320273,0.0002221295210356569,0.0003442451555624077,-0.013240382617580638,-0.00033798828994578624
2024-02-07,0.010290287788187635,0.009764327702084073,0.009543093735124833,0.023721000110954404,0.01387884336449571
2024-02-08,0.0018518917966079407,0.0013141280792349315,0.001134574595959058,0.00033994624396476347,0.011707478894507616
2024-02-09,0.009843123986133184,0.006169128870688899,0.00609483160420008,0.02116482736271162,0.009628685891660846
2024-02-12,-0.00391265313562561,-0.0014246684513810762,-0.0009356225881112779,-0.013983650621107173,0.0021167833196242608
2024-02-13,-0.015596987850148847,-0.023386849576483154,-0.023420797719820984,-0.021523224907229577,-0.028482612593190158
2024-02-14,0.010897288255939275,0.014010136663354846,0.01373551841203442,0.02167912084643859,0.01838340800812873
2024-02-15,0.0029777041472982546,0.010634100979769369,0.010845263168769362,0.009798821001290016,0.014575109665089434
2024-02-16,-0.00906764228944712,-0.006339774375726733,-0.006552236665238119,-0.0024607826145890254,-0.009095609749839454
2024-02-20,-0.007548300415978648,-0.008528913700159655,-0.008011725739618095,-0.02035990527701933,-0.01233973346359598
2024-02-21,-0.004001599484514284,-0.010824499677241563,-0.010437179314645086,-0.014241265905273592,-0.03351920212271269
2024-02-22,0.029275610441087396,0.0277581544189318,0.027614414083779765,0.03599428444949371,0.04202208149891929
2024-02-23,-0.002944666844768462,-0.0018328623738721394,-0.001449154285334203,-0.006196037574926325,-0.0021226573798386536
2024-02-26,-0.0005266294731804955,0.001286664563177796,0.0011578447015011095,0.004162986328880408,-0.0009670289084144403
2024-02-27,0.0024051836053411435,0.0022706691112463033,0.0021940334935268055,0.007193261993969767,0.005310364043248275
2024-02-28,-0.00532453835457114,-0.004162755539693675,-0.004200074737193837,-0.0022902322084186336,-0.00270993937469797
2024-02-29,0.008569430391258903,0.004645324948656308,0.004468911877661438,0.007215622072018065,0.0036617764990810866
2024-03-01,0.015057057865849321,0.013592341627999526,0.012949825208280951,0.0252487880858282,0.009793438703136034
2024-03-04,-0.0035682820481358624,-0.004349484308161612,-0.0043214894982058685,0.008471204383585373,-0.0023986867557017157
2024-03-05,-0.017949635563498934,-0.020667347747169548,-0.020594525909316423,-0.029293289327427807,-0.029533137352641774
2024-03-06,0.006283645200582111,0.009916149530497628,0.009893391664106032,0.019046945435493807,0.011303558789357473
2024-03-07,0.015178109028032516,0.013271122611065748,0.013312284708250655,0.020081214233070833,0.01701447438966741
2024-03-08,-0.014434868161486647,-0.006900141098067071,-0.006694508979655682,-0.026923832383673373,-0.008826998289580841
2024-03-11,-0.003712647832800009,-0.0013888497986189745,-0.0013740154042992461,-0.01912399132588659,0.0008211949721149052
2024-03-12,0.014334960069013247,0.006545576500122467,0.006682084964870735,0.010952040195111224,0.008635908348355552
2024-03-13,-0.007686116523888287,-0.007427727439200287,-0.007355732608424332,-0.013959253677661767,-0.009774776254373473
2024-03-14,-0.0025211437426884142,-0.007407841124897595,-0.007469226681406867,-0.010180561471156863,-0.012360296623123749
2024-03-15,-0.011886906289673482,-0.007611319980500179,-0.0076171327962084485,0.0042965557001171705,-0.009265070610162308
2024-03-18,0.009537401063898665,0.007032763003568353,0.007134044851400057,0.0049345751444427564,0.008876914986414451
2024-03-19,0.002491565767432924,0.0026461865863254544,0.002604562980240453,-0.0014583918203019137,0.002931091320895113
2024-03-20,0.01185663722683672,0.0097883569747196,0.009881824472931483,0.009452101149681617,0.013116092302725032
2024-03-21,0.004732104555416061,0.006850104498366866,0.0068385563649611845,0.017237598637949023,0.007073088821444242
2024-03-22,0.0011439707152343104,-0.004798924995824421,-0.0048837495234185894,-0.0011258421745711901,-0.006270868752991332
2024-03-25,-0.0036292838579048414,-0.002905999302716078,-0.0032071508733907423,0.007655697797913818,-0.0037816113461797405
2024-03-26,-0.0032376192638451373,-0.0015674063764584917,-0.0014146476868530156,-0.004449445959908712,-0.0029198131739339487
2024-03-27,0.0034061945963386187,0.008428699783556292,0.008693633246951434,0.0022963562227860394,0.002077698461408501
2024-03-28,-0.0018435126338075536,0.00016566205741853237,0.00022248027010081213,-0.0018181043501361116,-0.001890684396065475
2024-04-01,0.002117018629833378,-0.0025094832751243494,-0.00257383409467804,0.0016194474106959321,-0.0032903409582168124
2024-04-02,-0.008630172466329467,-0.010677793917661237,-0.01065933062286564,-0.004801367202751213,-0.012298687285143172
2024-04-03,0.0022443118730091083,-8.983103304671328e-06,-2.970074369564953e-05,0.005150128429728714,0.0007052377353646212
2024-04-04,-0.015290614088419585,-0.01483656593521403,-0.014761740893683662,-0.020095920436179755,-0.017383781186534258
2024-04-05,0.011783935048918392,0.00993167950795734,0.009874642782104226,0.011212415925662626,0.006418928738709482
2024-04-08,0.0002950778661379161,0.0017938003269732414,0.001840371394563356,0.004162516216140558,0.00024092401203025928
2024-04-09,0.0036994842206485856,0.006497443402873742,0.00656200401889432,0.0025495876189916148,0.008095791211432913
2024-04-10,-0.008728405267464767,-0.01586706631148714,-0.01589773307681889,-0.007789198353117317,-0.01484164779100078
2024-04-11,0.01596822129254094,0.009398050468970234,0.009376254666170192,0.008847630253949114,0.009995114964428325
2024-04-12,-0.015941895524497762,-0.018212877576338674,-0.018203077536878245,-0.019611698031886685,-0.021035171700198658
2024-04-15,-0.016450945340176104,-0.013574963459784704,-0.013418137270264656,-0.015575095488278406,-0.01554055059214779
2024-04-16,9.285767898692399e-05,-0.001148606482423501,-0.0011875167146684225,0.0024700957244230552,-0.0032849484858534193
2024-04-17,-0.012201395394815462,-0.009101333984762386,-0.009026447805038577,-0.020615748174366545,-0.009082392440476686
2024-04-18,-0.005706472463386847,-0.005341470893185238,-0.005492397653722801,-0.00548510782888213,-0.009960493662094689
2024-04-19,-0.020689207477481042,-0.0072650557641753795,-0.0073262759753601895,-0.009634647666192903,-0.006751116398824384
2024-04-22,0.010056852416465478,0.009868602139174848,0.00985690030285094,0.012099280311945041,0.009832007752754161
2024-04-23,0.014922828823315415,0.013128452482761342,0.01323989441532081,0.009436482670685906,0.024244182568003626
2024-04-24,0.003387663878385183,0.004406211649492824,0.0046975417677506265,-0.0029384504590228406,-0.0056989953265520026
2024-04-25,-0.004829899442177044,-0.0024204379019894078,-0.0021571711164192838,-0.0016346003523240733,-0.0019538078608668744
2024-04-26,0.015431696343917833,0.00653082018138596,0.006465925135646346,0.011956977118644163,0.00824368903350623
2024-04-29,0.004060354601299165,0.004037672408134974,0.004149597052617498,-0.001983489586786101,0.015453403478112518
2024-04-30,-0.018856101842816053,-0.017059060296461225,-0.017135734443474118,-0.013568582175850177,-0.027401228436482107
2024-05-01,-0.0072306915215564205,-0.007851348034942014,-0.007681142019336627,-0.011308371127541518,-0.00946730494544367
2024-05-02,0.01276343434471916,0.011447080430177625,0.01146533264137431,0.015919943686437777,0.01804307851049651
2024-05-03,0.02009846150736827,0.011675809428347624,0.011642580118010561,0.011306335909258829,0.010465097661535893
2024-05-06,0.010953404725757343,0.0062115685029500815,0.0061923343559894825,0.004596703806641469,0.006995502782664662
2024-05-07,0.00015902132453571305,0.0012146302155352407,0.0012421205274125713,0.0015085716230652105,-0.0010801871061085011
2024-05-08,-0.0005904967394613214,-0.0018538556753329744,-0.0018763171256258686,0.0025519062292537363,-0.0021350984355611143
2024-05-09,0.0021815353947902683,0.0031076483177905597,0.003147438761568167,0.0022640171771166496,-0.0009647369995971096
2024-05-10,0.002358098208816495,0.0027711628641008336,0.0027783079655595722,-0.0020347134500650122,0.0030291060747741445
2024-05-13,0.002307451395780591,0.002992729327496252,0.003140004033100457,0.005433559132777224,0.0022103261925380093
2024-05-14,0.006432122879424629,0.004556160826645507,0.0044153320740783,0.0074761165086928184,0.006168136488293355
2024-05-15,0.015630274294221813,0.012107396246877497,0.01185939519315783,0.013311992650856808,0.01227370821254736
2024-05-16,-0.0020313078313122235,-0.0005172988798013809,-0.00034325611689446926,-0.0058772861161182416,-0.0022377185173100755
2024-05-17,-0.0004866354550948637,-0.000952263731187858,-0.0009517582917115207,0.0012611927496651474,-0.002077078209662178
2024-05-20,0.006972547300218235,0.0051372811594474245,0.004692243658669166,0.017370453166908776,0.00554730689295221
2024-05-21,0.00195649302486256,-0.002177269656253731,-0.0022352811652757588,0.0031758422529579006,-0.0004044004560618118
2024-05-22,-0.00019733594446846858,0.0018034001800679607,0.0012996187518193251,0.012986276172420853,0.0018059690775077322
2024-05-23,-0.004498511236135316,-0.010359930206416184,-0.010532859280406462,-0.008081166026685415,-0.012500135901041775
2024-05-24,0.00945642294091531,0.006301601893270636,0.006034788027762911,0.0161150779172508,0.00627165066626469
2024-05-28,0.003777669326795907,-0.0072864447648760804,-0.007560048488299681,-0.0058235467244198294,-0.003139846744321798
2024-05-29,-0.00704835355416078,-0.011038848470466,-0.010831828971959731,-0.01253076378866699,-0.011188243168445028
2024-05-30,-0.010713298392843185,-0.0036944431854625576,-0.0035114954365802324,-0.007432081301792713,-0.0018535214686984083
2024-05-31,-0.001860297086599072,0.003036452408981757,0.003521126752223148,-0.01057082836242544,-0.0008758516050479562
2024-06-03,0.005369372079429224,-0.0022756274145444184,-0.002638930929902493,0.004384929376342253,-0.00509810484678992
2024-06-04,0.0027364801755982437,7.091972306465228e-05,0.00010125853284781027,-0.003141229760213339,-0.0024156442552188137
2024-06-05,0.020159670378230077,0.014303561061757768,0.014390360846846707,0.020630077445067417,0.020276707559717222
2024-06-06,-0.0003451463298786983,-0.0008260746121057802,-0.0007781477146262908,-0.004741161545762828,-0.007111820072455946
2024-06-07,-0.0008847760858157194,-0.002439265579652636,-0.002474556053875411,-0.003981612334803045,-0.003086297515817343
2024-06-10,0.004039163499262921,0.004111159586799663,0.004071043289942259,0.007655388549901231,0.00656749654851479
2024-06-11,0.006862805669494376,0.0009561621698897376,0.0008255291759185191,-0.0003639949803612754,0.0009134563725730705
2024-06-12,0.013097643563170003,0.007097557181674198,0.006946025937335323,0.016771248897554544,0.011671871167119085
2024-06-13,0.005420227853111026,-0.005469915057308753,-0.005701513710438347,0.005312421826737626,-0.007761732696027017
2024-06-14,0.0051813240415956585,0.000829929580651586,0.0006834999890457385,-0.0005830084347014069,0.0004586544680219295
2024-06-17,0.012249672997597827,0.00996609212001849,0.009638735022065244,0.017253537796222,0.00427926049429144
2024-06-18,0.00030930772306891896,-0.00015549073069692014,-0.0003959997806573639,0.010678642520970217,-0.0016257497989702635
2024-06-20,-0.0077079478237478405,-0.002064092277920023,-0.001337607761849976,-0.022649150243324687,-0.006590539052415569
2024-06-21,-0.0026792146815561857,0.003098385772109977,0.0034798947087506444,-0.00994702583544721,0.0017070139201322998
2024-06-24,-0.011384796920896778,-0.003236939876327792,-0.002781574538343428,-0.015265916196222543,-0.0009349694569079526
2024-06-25,0.011435673750956443,0.0035994157464957397,0.0034121801478146398,0.010460063969137172,0.003757573142897747
2024-06-26,0.0020651389981851676,-0.004490076674516874,-0.004625608754427184,-0.0018461660006650771,-0.0066709895454804494
2024-06-27,0.0025812432941567653,0.001321690807312438,0.0010819498092216528,0.0012816257730891441,0.0013083912714669033
2024-06-28,-0.005190844668476746,-0.0007554996086437682,-0.0007954662529650889,-0.00034597781122359483,-6.239353789796049e-05
2024-07-01,0.005865066484302295,-0.00168351386668484,-0.002258822571657451,0.0059106134908084975,-0.0035635767100528656
2024-07-02,0.01049968645789856,0.008751615141446135,0.008773247772283155,0.012093086290994195,0.00550347211311528
2024-07-05,0.01885086369125699,0.008573415023410424,0.008447882512073268,0.02411499253102983,0.02268451402856852
2024-07-08,0.002378246697380959,-0.0007906398361738291,-0.000882398738975571,-0.0016965911009849237,-0.001036063533412747
2024-07-09,0.0008645421545334653,-0.003798537166746589,-0.003927786371371373,-0.006064962429628731,-0.005530911691483727
2024-07-10,0.010426608358419243,0.009352073016436794,0.00922019444960342,0.004407729333258963,0.006050471630276758
2024-07-11,-0.021930202836255352,-0.004254051865450479,-0.003417621256873039,-0.031604242449152345,-0.0051212829863764905
2024-07-12,0.005874758824818027,0.009465133766833302,0.009408760038433597,0.014619034270072067,0.007514575180546853
2024-07-15,0.0026877859619607314,0.002011810305352312,0.002070304117163747,0.005867946605823478,0.0009522778151275922
2024-07-16,0.00038301988578237633,0.01238753785549406,0.012291839290647213,0.0074026489273834924,0.008129885020788733
2024-07-17,-0.029354854565504573,-0.017318518532531378,-0.01737033207347042,-0.013163578286894288,-0.01894100701754404
2024-07-18,-0.004732597784361858,-0.010811929466232509,-0.01051775492072997,-0.01181537634955077,-0.01415924882334273
2024-07-19,-0.008863515855942694,-0.008202394248553999,-0.008047359609448529,-0.010860419181163148,-0.010420756918521045
2024-07-22,0.014897685589573273,0.011016714576078364,0.011152989613771192,0.005545337921118221,0.003424049280661801
2024-07-23,-0.0035245909377247253,-0.008885451413050657,-0.008493096765988346,-0.013679710728785979,-0.01670038439872301
2024-07-24,-0.0358703103197241,-0.02277345870752896,-0.02312996953816816,-0.02753670459206046,-0.015316918515084595
2024-07-25,-0.011027670424706648,-0.0035683590946777514,-0.004005760142564453,0.0007255666884985525,-0.005277101303712307
2024-07-26,0.010255889029897824,0.009483417367699837,0.009307565356955087,0.015437318642441342,0.010702215584900258
2024-07-29,0.002008758022838064,0.0025255562273640854,0.002485623190616635,0.00768997914080987,0.0052899155616801885
2024-07-30,-0.013731303175955722,-0.005410491590730768,-0.006516907222036217,0.003408762808993165,-0.009211621597648226
2024-07-31,0.02959363503182777,0.015896990639608092,0.017690398280862465,0.004771804896068513,0.014461470432404358
2024-08-01,-0.024221439954273394,-0.023059713031532307,-0.023752597915138188,-0.014147105468926637,-0.05917348194509628
2024-08-02,-0.023734936847990107,-0.026954260835436727,-0.02692670833096197,-0.007913464098852468,-0.02549941781225697
2024-08-05,-0.029816152578955646,-0.02210249569453985,-0.02213170966062784,-0.02390459422000874,-0.026599824120768258
2024-08-06,0.009555114345292326,0.0082473967148411,0.0081812551044043,-0.0011017441384576503,0.00739626398738622
2024-08-07,-0.010829794260367342,-0.009506240059748566,-0.00979280677259264,0.0007718088112237433,-0.010075305406320215
2024-08-08,0.030590909579806924,0.02683847528398998,0.027571574198237924,0.00397806100182373,0.022766596163785593
2024-08-09,0.005222363801425045,0.0016194455540850814,0.0015394646204987897,-0.0014019083044312047,-0.0014151345191710928
2024-08-12,0.0021536376257773604,-0.0033604155160339125,-0.003451407636343486,-0.006727465006144965,-0.006478651325271161
2024-08-13,0.02481277786153613,0.020497934681683216,0.020713384425847615,0.021693671217804585,0.02327559803569689
2024-08-14,0.00032422346319060935,-0.00016780062134872783,-0.00030084096931781674,-0.0002796748606397178,-0.0040491118889413764
2024-08-15,0.025263215702408415,0.023950042476193832,0.024142699378040276,0.008579713071923664,0.025216102137863572
2024-08-16,0.0012857326283106651,0.002062742328053414,0.002185123773568815,-0.0005660213358852225,-0.0005646691106304793
2024-08-19,0.013136012075172898,0.011872580378028963,0.011966565126484762,0.010778827050335822,0.01457880977614601
2024-08-20,-0.0020986439359386155,-0.004300532636108437,-0.004338850541337913,-0.0038279972758783368,-0.010767270448184405
2024-08-21,0.004664201035129656,0.008193443863430846,0.008225312235462292,0.001091060060643298,0.004967032471517697
2024-08-22,-0.01585496425013533,-0.014265392185672831,-0.014301983969156643,-0.01642439444277337,-0.016828486160833843
2024-08-23,0.010845458133578623,0.011197869953507016,0.011424656268260206,0.008296489523755968,0.016836416504978052
2024-08-26,-0.009708275518128806,-0.00825892090107553,-0.00800414266877033,-0.008988391746333448,-0.020237935489356797
2024-08-27,0.002987376027325128,0.0015843739484155586,0.0010648647074697698,0.0056639449030332,0.002265569213780794
2024-08-28,-0.011347474710973304,-0.01159132076844277,-0.011892569246143465,-0.01514797193796088,-0.014904269787454256
2024-08-29,-0.0014638088008672723,0.004519526839556267,0.004636995082535437,0.0052767493632753315,0.0029883040931828943
2024-08-30,0.011919354778615388,0.011428152870817502,0.011502106920092996,0.011926324402291289,0.015157559429631748
2024-09-03,-0.030360937391802234,-0.024968042813861377,-0.024644913515785166,-0.04416209087666404,-0.030386124262003142
2024-09-04,-0.002598512267454778,-0.0062370276606232315,-0.006217279543679773,-0.01268793763352349,-0.0048437707883956
2024-09-05,0.0009336829930166601,-0.0033395192645698716,-0.003112738101624068,-0.004524004402873856,-0.0016931598386234598
2024-09-06,-0.026787433762604396,-0.018966735308248602,-0.018943617067954936,-0.029442049824429523,-0.02268531972997747
2024-09-09,0.01285973534665752,0.01231574731737359,0.012355892692383618,0.012838426605356489,0.015099208859995
2024-09-10,0.009241815709448487,0.00250926118753776,0.002397745605493311,0.0055749270054451195,0.002839454194234744
2024-09-11,0.02171538414740204,0.013629737399993295,0.013802688634667383,0.011692781675041869,0.014804606394579643
2024-09-12,0.009816013428873616,0.004402274459739858,0.004680335502416565,0.0037782505635792947,0.006496798987139992
2024-09-13,0.004479977698279569,0.007835323837399022,0.007859707115155136,0.006744729404138904,0.020818250444986676
2024-09-16,-0.004417862951430651,0.0007567464504145722,0.0010464739649279266,-0.00272839785349029,-0.006014486787477843
2024-09-17,0.0005283302553615865,0.00026112579116347264,0.00035639847389869997,-0.006699290907391166,-0.0020613308901383308
2024-09-18,-0.004329604573611423,-0.004113222179689249,-0.0040546373621688885,-0.004021357798771337,-0.006539325741082268
2024-09-19,0.025284137553351238,0.019322695179336002,0.019225118224232587,0.006870054341073566,0.019862256487124055
2024-09-20,-0.0019032079192593532,-0.0037679395229922755,-0.0040753788256728965,0.006815593807246959,-0.007447185242680738
2024-09-23,0.002650581265807528,0.001817707093556552,0.0017043116605513805,0.003419053620096212,0.004603271744657995
2024-09-24,0.0048236882570544815,0.003139812611256599,0.002974998865111361,0.00360175280801499,0.0009356885693118495
2024-09-25,0.0009270913863861363,-0.003670427732659232,-0.004100604595865807,0.0015185355336342454,-0.0022817220097161492
2024-09-26,0.007513127531812991,0.01081581184632513,0.010766269102492653,0.010650232132697203,0.004988380167402756
2024-09-27,-0.005557065413533513,-0.0006173527134173291,-0.0003703096540308091,-0.007327361854032304,-0.0012402684660983861
2024-09-30,0.002711850628192458,-0.0015112528141682444,-0.0013294887971208535,-0.006488549011793335,-0.0033684592890681044
2024-10-01,-0.013932420073848761,-0.011277578517599023,-0.01156073240128287,-0.009274042814500737,-0.016346241779880862
2024-10-02,0.001412921123457922,0.0027493007149389306,0.0027702473626291103,0.0009612246075897644,0.003837998622118198
2024-10-03,-0.0007470254122504683,-0.004078363364692034,-0.004106374452029852,0.0026048303916247776,-0.006886697847762884
2024-10-04,0.011898123691417295,0.01131621166378163,0.011229045671562281,0.01789280959761842,0.010965618970896956
2024-10-07,-0.010711593354476134,-0.007852094672258787,-0.007969488863452093,-0.005100943661818741,0.0037397988258732104
2024-10-08,0.014934584721874034,0.008755728905833064,0.008919541504339353,0.004041724151970444,0.0028298884761502785
2024-10-09,0.007868375275753792,0.010048216360290291,0.009920991882074454,0.005200536381377807,0.007631462178096971
2024-10-10,-0.0011355514379944864,-0.0013413689118782028,-0.0015788550424221531,0.0041369335624341546,-0.0015967892329725496
2024-10-11,0.0015631270899099103,0.007424105673184289,0.0073288962929715165,0.008096756200591798,0.009142070888652706
2024-10-14,0.008391521038613403,0.007511595930407128,0.007458416516349457,-0.001272592579321953,0.006020393225448796
2024-10-15,-0.01336679736146884,-0.014463663837455537,-0.013838012147909813,-0.03983120898127809,-0.015568056099466751
2024-10-16,0.000122173723398733,0.0009084001094800002,0.0007695807069838437,0.007972364859741772,8.868093087498319e-05
2024-10-17,0.0006925878208803304,-0.0027110904156186465,-0.0027778357154531115,-0.003345246830833491,-0.008154217899941264
2024-10-18,0.006554736918730875,0.005574892119420544,0.005679685398151245,0.00317867867612449,0.0053029664339995205
2024-10-21,0.0019212703509394746,-0.004652288499420928,-0.004890286678612433,0.0014516203672530477,-0.00419081464957757
2024-10-22,0.0010899787132621075,-0.0015133710075579312,-0.0012969671881934031,-0.0031966816549628117,-0.0030731668737006717
2024-10-23,-0.015323924433118252,-0.011685680649228843,-0.011329147185083512,-0.02278861404250867,-0.016736787261929748
2024-10-24,0.00810885773496639,0.004519301138028729,0.004853836976313514,0.0018577734392213026,0.015393424350756692
2024-10-25,0.0060936292616513565,0.004338667439344872,0.004338761697219996,0.004135101544087138,0.0036391544598602427
2024-10-28,0.00016151092853400328,0.0011760728794984398,0.0011879710408432636,-0.00020582230120153543,0.0035420024211259816
2024-10-29,0.009608286380353048,0.006131143659170564,0.005913255240268345,0.00979376088440017,0.0057337406303499105
2024-10-30,-0.007557482548374961,-0.010543742722254841,-0.009832780673601155,-0.025491684643702953,-0.0023406083597167673
2024-10-31,-0.025242784184017486,-0.01684442779990209,-0.016831178558609338,-0.023270762809276237,-0.01766175302221439
2024-11-01,0.007398886446255748,0.008764149399007643,0.007890639073327078,0.022219719555775043,0.0003337854733894509
2024-11-04,-0.002913098353861998,-0.00016264022592581557,-0.00013830890254305924,0.002286611404106146,-0.0003204813477436274
2024-11-05,0.01275687424279548,0.006938202492229993,0.006969042584815908,0.007615391984360716,0.015341524389151547
2024-11-06,0.027163222256870068,0.025045260280734626,0.02494302073102503,0.0267134257770274,0.013691953239271535
2024-11-07,0.015744214275609902,0.014059972068314717,0.01454175561567245,0.014310815792870711,0.022193011529410615
2024-11-08,0.001168474635689254,-0.003274227840160683,-0.003309009634197695,-0.006948806479209595,-0.013399996618241681
2024-11-11,-0.0005833164329716034,0.00017451134031712856,-0.0002870046255452064,0.013503777062982976,-0.011484728904585696
2024-11-12,-0.0018101016526781422,-0.003431304490678767,-0.003491472731257775,-0.003089466095372474,-0.013186321073625664
2024-11-13,-0.0012867689449219677,0.0015143217512763084,0.0011327744191959586,0.009890598520078462,0.0012764454227626703
2024-11-14,-0.006949696356360335,-0.005433333906424588,-0.005376567100053563,-0.009841583839992984,-0.018813748158894063
2024-11-15,-0.023825965349321132,-0.028764362340840257,-0.02884947369105009,-0.028909735607753687,-0.027861271567234544
2024-11-18,0.006947718724392482,0.009170795366809993,0.01017077647069558,0.007655219117609907,0.006361860777278843
2024-11-19,0.006879689727049998,0.0004505349740623417,0.00047942624991798743,0.0025937707031731044,0.018538989213804855
2024-11-20,-0.0005760415765330151,-0.003129919449358949,-0.0030874278344191026,-0.0035791914675254648,-0.012813431013552182
2024-11-21,0.0035972061999725025,0.021042881047892946,0.02106800104617153,0.023655930798816713,0.03437732872671413
2024-11-22,0.0016040462410162881,0.007899195298664024,0.007761924203775385,0.008488712671086586,0.01908085465688366
2024-11-25,0.0015816760761411253,0.010724803203304139,0.011001133291192037,-0.0005119470413222079,0.016722527337923204
2024-11-26,0.00536920631370541,-0.005355777601137238,-0.0051930424260266655,-0.004527072876366624,-0.012891964200744373
2024-11-27,-0.007873448165787611,-0.00326896496386652,-0.0028502921147694413,-0.005173454346813654,0.0009970402849426884
2024-12-02,0.019770365239372145,0.014140842402299902,0.013842739408486434,0.007960190241825026,0.010613277733567402
2024-12-03,0.0030663983270027284,-0.003019992267802406,-0.0029952837029034547,0.0013101222699423043,-0.00394269656605922
2024-12-04,0.012362902874929471,0.0069022063415298575,0.006745099648895746,0.027689099578077185,-0.0014889722845106413
2024-12-05,-0.0027712215685583574,-0.007475083193645971,-0.007466544175198447,-0.007446415923403308,-0.006872827582393936
2024-12-06,0.008949661465999403,0.0055191473114983075,0.005354314093517879,0.009348933879753196,0.006780599946412555
2024-12-09,-0.007787356137389234,-0.0035583220484087115,-0.002976779269967741,-0.013765619715972743,0.0001827968809539434
2024-12-10,-0.0034077573646644765,-0.008895750435410242,-0.008515738903246778,-0.020699660350914403,-0.009616632422193063
2024-12-11,0.017902567590646123,0.008285327172111353,0.008168018694877705,0.012472443665297886,0.010555494023833668
2024-12-12,-0.006453945345418655,-0.003407011621979466,-0.0032891826664638623,-0.005580139982109861,-0.00048482001584982743
2024-12-13,0.007654370550005174,-0.004709464789887704,-0.005305263114103406,-0.00032784814902632844,-0.006814822892099536
2024-12-16,0.014400737328128299,0.004656795619015575,0.0038527760882662945,0.01023230064692189,0.01435873489695024
2024-12-17,-0.004403705044583317,-0.0077297578685278185,-0.007392296497750935,-0.01483530455262626,-0.010135780669824289
2024-12-18,-0.036076966212892136,-0.01873510288123512,-0.018339184752219,-0.02488869981958574,-0.01813121246649737
2024-12-19,-0.004453344868511344,-0.020607269573162678,-0.020466763665019216,-0.03265553712578476,-0.019891705091144185
2024-12-20,0.008732506158164455,0.010815832553410372,0.010599645061743983,0.010630457099079343,0.010090922024375422
2024-12-23,0.009742651370640898,-0.0011823995443612496,-0.0010564587476716493,-0.004559251683421332,-0.002588847124764496
2024-12-26,0.01287139492652889,0.013715540735738397,0.013501435654176176,0.020438579857036794,0.014851199026391811
2024-12-27,-0.013293127227813839,-0.008415844759192534,-0.008157587311127847,-0.015142498776736209,-0.0152351957012045
2024-12-30,-0.013300000082174801,-0.010979398588738724,-0.011079745259482101,-0.010380493839452274,-0.011274163769287958
2024-12-31,-0.008494697164563636,-0.005439678437566686,-0.005209223175545684,-0.01242301421461489,-0.006933989992468207
2025-01-02,-0.001956027597256327,-0.004508400872991232,-0.00409895093882733,-0.008153320100554352,-0.0010915775783431662
2025-01-03,0.016365159124950512,0.021969789259197355,0.021985200319937673,0.021227027117258934,0.035703930573866643
2025-01-06,0.011492933967797159,0.0039999503776630635,0.003728582786193759,0.009063352364437291,0.020002510055808224
2025-01-07,-0.017844274233518753,-0.006080356716247752,-0.005820576686934951,-0.012790803290728415,-0.0044689929998668835
2025-01-08,0.00017468201502790492,-0.003648773486342173,-0.0035003772745315297,-0.005553148560110453,-0.006573838935345178
2025-01-10,-0.015681074205579737,-0.01026388795160432,-0.010361401017283197,-0.013310699563028288,-0.01204156009243594
2025-01-13,-0.0032137662550189017,-0.004709329640612618,-0.004338275239643702,-0.006690233468652784,-0.01148136549225396
2025-01-14,-0.0009494862975779617,0.0037294367809346048,0.0036722692173143463,0.0033163694620560237,0.008367331163931343
2025-01-15,0.023006268253611406,0.0209446319106757,0.020770294802823934,0.02014951352604638,0.023949210316634502
2025-01-16,-0.0070059641014164065,0.003864729293790722,0.0036603185639913086,0.015720380115753066,0.004188515175452777
2025-01-17,0.01687846119826264,0.010367536608417485,0.010250416160503876,0.008311528969658278,0.008791179323473175
2025-01-21,0.005865100915291022,0.009300588339985948,0.009121527531067241,0.01413463252869834,0.0018119181174014224
2025-01-22,0.012785716598497476,0.007764421724393268,0.007700099025289767,0.015363693612711591,0.019276340079235614
2025-01-23,0.0021260761666410666,-0.004470684743340846,-0.004240444852884574,-0.008166386996042536,-0.006155754067806992
2025-01-24,-0.005651212134788364,-0.0027713342019378834,-0.0025515015875360895,-0.010900398950511498,-0.005708719014825139
2025-01-27,-0.02911449834027724,-0.017933558042808943,-0.015682574362896197,-0.05432064422060604,-0.04276451018973446
2025-01-28,0.014779823117886615,0.011425688760402982,0.011581730490411765,0.0055767195090551175,0.018372980599249984
2025-01-29,-0.001878043002776164,-0.0011184391682381755,-0.00099165536815795,0.0013503511842435827,-0.002694935865789609
2025-01-30,0.004262433717854286,0.011668773045381914,0.011566587942810501,0.014327116291846053,0.015277099587268002
2025-01-31,-0.0014530149796943004,0.0011990149222342863,0.0012149680588734795,-0.0006266917423899052,6.819838393158341e-05
2025-02-03,-0.00800326990070499,-0.00316806663980387,-0.003492525776932786,-0.0024774247826564967,-0.005671175538531829
2025-02-04,0.012275452646734353,0.0020934097309970147,0.0021187753959572096,0.014639003264515818,0.0026513384267815346
2025-02-05,0.004537895940105452,0.007753563266212151,0.007932886092074057,0.013942251660266655,0.003931686227379906
2025-02-06,0.005219742921635406,-0.0011323496534427688,-0.0012581921509842496,-0.005991838771909739,-0.0020308663634664727
2025-02-07,-0.012613540104501442,-0.0021245181723723184,-0.0023251815864330956,0.0021763255351758357,-0.003927866648560234
2025-02-10,0.012105175235749943,0.0070728454425974694,0.0069943638158912426,0.009469551312911556,0.009892590759633245
2025-02-11,-0.002380649914297095,-0.0006036339792575971,-0.0005785571062950957,-0.002054004094993384,0.00013681787207727673
2025-02-12,0.0005870845807283143,-0.0012648325499817438,-0.001370589746334121,0.0018836774601153025,0.004817317656487688
2025-02-13,0.014385873648250946,0.011256286378838364,0.01117513099675026,0.021349352653382433,0.009344488342813604
2025-02-14,0.0041984317323002784,0.005597303551671082,0.005344212087645694,0.007405049878143004,0.00649793059441734
2025-02-18,0.0022671836424450476,0.008421399494966843,0.007874388664048595,0.01125809638128225,0.007409863561874326
2025-02-19,0.00027807958353354145,0.0037360729029826023,0.003992892169370331,-0.010779249064182568,0.003741997303921542
2025-02-20,-0.004244509199203383,-0.008940679549119932,-0.00800472047540277,-0.023336187125288507,-0.01177073747851462
2025-02-21,-0.02075474886732176,-0.016656047602775437,-0.01685232136729571,-0.010172963497288263,-0.01954095617074136
2025-02-24,-0.011804261782660252,-0.004144497946976934,-0.0038910626029516125,-0.009915283063188054,-0.006941536098880881
2025-02-25,-0.012599282323468963,-0.01164698105732037,-0.011979298167298138,-0.00832366460079609,-0.015152220035567557
2025-02-26,0.002415629969012789,-0.004115230509072232,-0.003351475638902799,-0.017983002688341937,-0.002492699625690442
2025-02-27,-0.027771247292265988,-0.008586165981896664,-0.008867110878406002,-0.005012467498344269,-0.013638382299763625
2025-02-28,0.01579147534639369,-0.004837851042180287,-0.004887981221318289,-0.005578703929588786,-0.003717717764481821
2025-03-03,-0.021882471243728108,-0.00023412745942611842,-0.0009589600886386016,0.006919532806735,-0.0013021787225046314
2025-03-04,-0.0030178064402743843,0.00013115944624215238,0.00016623950264450446,-0.0053659549582272216,8.843025817712255e-05
2025-03-05,0.01303607447374544,0.00015601477612075485,5.814554925063815e-05,-7.940747357165109e-05,-0.00044775372001570527
2025-03-06,-0.027509434003765487,-0.024986329599821097,-0.025068451425148765,-0.010195650345144549,-0.036339984981563433
2025-03-07,0.0073535736084588965,0.008588345965423645,0.008227731569992144,0.00853392513451899,0.007489063665472599
2025-03-10,-0.03875634376407777,-0.029686321783666994,-0.03002938870078972,-0.01683391893454069,-0.039550018690965465
2025-03-11,-0.002390435713714223,-0.00782047251144915,-0.0064040935407068105,-0.025051939017516536,-0.004400204466217567
2025-03-12,0.011280804135902489,0.0036824126730129075,0.004287666912724016,-0.014179094114887632,0.013225474170746914
2025-03-13,-0.01799051737433066,-0.014930206889356057,-0.015223763118335305,-0.004272974165682868,-0.01846747083649374
2025-03-14,0.02417047314954357,0.023245362714907007,0.02330676290488933,0.010957881248173476,0.023808125239573767
2025-03-17,0.006483679566967826,0.01501735398374457,0.015153582049558805,0.014587711978902738,0.015895754136407928
2025-03-18,-0.017047340713834735,-0.01125132183231755,-0.011437362650316078,-0.004954019329310929,-0.015497644756064893
2025-03-19,0.013381325105778386,0.009971399725491789,0.010372782733858896,-0.0031215251224891794,0.015634014568625808
2025-03-20,-0.0033894642457477087,-0.0035662782455966784,-0.003633981154860234,-0.0016906634454204757,-0.00015670237361636025
2025-03-21,0.0032966727739154322,-0.0012542682328332045,-0.0009376784144547625,-0.0037818370199068207,0.00036619479616889765
2025-03-24,0.021944344136081595,0.019425814501613896,0.019452558677396797,0.009560918552858491,0.024700555794236204
2025-03-25,0.005706564262312863,0.002341577447574101,0.0023251306177288467,0.0031229468287315588,0.0067382930695446255
2025-03-26,-0.01840064756317239,-0.010115384976153526,-0.009661276780134877,-0.012546751050943453,-0.010548675092836978
2025-03-27,-0.005698036681830332,-0.007524443832180177,-0.007710628310524015,-0.01200679110333338,-0.005006535810708865
2025-03-28,-0.026327739554310003,-0.023958345915480843,-0.0238164614239076,-0.023304345261921374,-0.022496110107124545
2025-03-31,-4.264771653805788e-05,0.00015109425768906602,-4.942167796185696e-05,0.0007342980526362218,-0.0022666566338518683
2025-04-01,0.008061023451692906,0.004742593364830944,0.0047816479147317886,0.007056405865467939,0.003981635944537109
2025-04-02,0.007298440559752484,0.00851422353974937,0.008540132474461995,0.002660310997843274,0.011137110766780728
2025-04-03,-0.053533494968965645,-0.05019212267846415,-0.049970290207595906,-0.02297507370382784,-0.06224818177477373
2025-04-04,-0.062108900928613764,-0.0623949568903816,-0.06290597403594811,-0.06325673889256936,-0.060394592593846316
2025-04-07,0.002413208650886345,-0.00047611884346636374,0.00048019133948731205,-0.014440014408813973,-0.006321222791347431
2025-04-08,-0.01800850757954109,-0.0203695834224001,-0.02083666122038703,-0.01642711154689917,-0.019981574151581947
2025-04-09,0.12003081070898869,0.10599010991970013,0.10869517750585034,0.06977606126401965,0.12384572519061682
2025-04-10,-0.04253217707320933,-0.040415368760634535,-0.0407404465840998,-0.024001192082991184,-0.04682222245179275
2025-04-11,0.018423095994987593,0.014570889812877916,0.014484552781414282,0.016835060595227196,0.013723944720377104
2025-04-14,0.006778241955879949,0.009417661941439632,0.009458039170456846,0.011490130698714624,0.011315138840575823
2025-04-15,0.0011146589026600484,0.002698713526581378,0.0025494558159246555,0.003384701747393777,0.00907968685594706
2025-04-16,-0.030153494510315126,-0.021983027757991016,-0.021987445461284883,-0.01808037361485929,-0.022082043381711502
2025-04-17,-0.00018003120862719602,0.005016101612850821,0.0052591501715163035,0.008046075101121463,0.004591360834776442
2025-04-21,-0.0247467833712518,-0.02069801536385838,-0.02059444446959606,-0.019626922137715892,-0.024980732052313537
2025-04-22,0.026252138108081358,0.024174292768629174,0.02414622370849915,0.025075935843774197,0.023780810032302747
2025-04-23,0.022678128151089494,0.01711994507421766,0.01774303587044145,-0.004041527762548925,0.013389295512140518
2025-04-24,0.02813711556464016,0.027674204589390988,0.027869682402694055,0.006433042313408743,0.02853402142899448
2025-04-25,0.01114788802726574,0.007379300987347129,0.007233152336532571,0.007106839172083985,0.003984532013873289
2025-04-28,-0.00031737526186537135,0.0013028990985682737,0.0013616440800022966,-0.0006239694927588505,0.0015982950231903687
2025-04-29,0.0066044347970575235,0.005981606160090215,0.005674775824971469,0.01636623659327389,0.007521639405432443
2025-04-30,-0.00012617009235538212,0.0011315583555134888,0.0011112496365664464,-0.00227245174872847,0.004279112565380912
2025-05-01,0.013060735473149343,0.0015363955259300821,0.001523962209215953,0.0032121930525196326,0.006115272148191282
2025-05-02,0.0148439061758463,0.019893488259166456,0.01991991805147566,0.01778808361479194,0.019815079170457276
2025-05-05,-0.0059325523884241615,-0.003945412217651072,-0.0038608260533315557,-0.00813998727452397,-0.004321388391164066
2025-05-06,-0.009301704399633182,-0.008778569825379702,-0.008753097232299752,-0.005452577426690302,-0.007403316851732562
2025-05-07,0.003925973536275329,0.006414125837599386,0.006344024243263796,0.006869277136781769,0.00545871919639083
2025-05-08,0.010324859508908713,0.011088573673162768,0.01111989612637408,0.020001640406331293,0.010499259187575362
2025-05-09,-0.0006553854317397079,-0.0003340407916966077,-0.00042130068981743234,-0.006916225304163719,-0.0009750119279061923
2025-05-12,0.040740191909277135,0.03639196313696832,0.03612877116306443,0.03788732831240296,0.03459047001040121
2025-05-13,0.015240670155279634,0.010401093144123703,0.009785760899967156,0.02749722583746869,0.007579232754386115
2025-05-14,0.005993227784474309,0.00023852325833205137,-4.359647206511037e-05,0.0015125696879031596,0.002420868631103112
2025-05-15,0.001098871121017364,0.0034251702274621897,0.0042595772036340225,-0.00939425626421336,0.0033024304684608464
2025-05-16,0.004352556998949986,0.0050766718139940836,0.005241408982877249,0.006388186364235827,0.0038668920437243395
2025-05-19,0.0009587756987534668,0.0006880496519127774,0.0008702190713690491,-0.004008106931441119,0.0007353951907256718
2025-05-20,-0.00333319799965881,-0.0015704212793742165,-0.0014950192943815326,-0.0012535936090210579,-0.0006939053277980611
2025-05-21,-0.013896822836583222,-0.01703117871192822,-0.01693449721074684,-0.01846107295075528,-0.01810597436008272
2025-05-22,0.0018713650816695182,-0.000978769977563096,-0.0008171314978565296,-0.004429749016553942,-0.002713853480670498
2025-05-23,-0.009260874673980846,-0.009375335015199243,-0.009205690561217865,-0.009058770312714608,-0.008400295633068188
2025-05-27,0.023525300178928177,0.020573454404125037,0.020082612726257502,0.025094833936964628,0.01770172022131845
2025-05-28,-0.004432001511766925,-0.006743176624265731,-0.0068665543820680686,-0.0022459659944731227,-0.005822111579826364
2025-05-29,0.00196575945209454,-0.0011680443362426071,-0.0010307008568499663,-0.0028729527648147894,-0.0036328642360055384
2025-05-30,-0.0015771328344753588,-0.003083985698529195,-0.0029651490138708093,-0.005860145426374552,0.0012836840199135498
2025-06-02,0.007898238554510106,0.0058506868109934,0.0053336942143877705,0.018447270281313075,0.006066274360076419
2025-06-03,0.007817028316371655,0.010647119327034724,0.010675142531458738,0.014257245901734415,0.010884720122947845
2025-06-04,0.0027878233951805775,0.0018168116611585261,0.0017338100651569524,0.008231752044921341,-0.0031359752233452954
2025-06-05,-0.007526898037846896,-0.0012927805703772724,-0.0013779153373397785,-0.007786824409866853,-0.002378392217334278
2025-06-06,0.00977527831530467,0.008064365734495914,0.008252984575185786,-0.004135191544061715,0.011174015551460567
2025-06-09,0.0014719207479216845,0.002072126881622935,0.0019192540826392529,0.006794848959312384,0.009847845499833413
2025-06-10,0.006613908216917874,0.009048244537389656,0.008877048307309832,0.010395776887602555,0.010885421920524512
2025-06-11,-0.0033695595092393393,-0.004240928798362418,-0.004161093642590415,-0.00025317176006151205,-0.014176351122634956
2025-06-12,0.0023479247591817742,0.0008567203461481527,0.000857585188166768,-0.0002864518018050695,-0.005392043472917383
2025-06-13,-0.012554722675506502,-0.014774378389133466,-0.014631991347066041,-0.014470654753056747,-0.015404696699312574
2025-06-16,0.0139098668155766,0.012396995900168517,0.012143067443443019,0.01507337888794259,0.0125278757063953
2025-06-17,-0.00975130878047703,-0.009471388935850778,-0.009595137967053356,-0.006031163189127991,-0.009350093943842562
2025-06-18,-0.00017018681302272132,-0.0014674152400554982,-0.0016762862248631176,0.0027090009431817584,-0.003936091674195623
2025-06-20,-0.004083094481222238,-0.0034711819771743274,-0.0034155998814399124,-0.006466823334639172,-0.0017634514927119768
2025-06-23,0.010282490014051016,0.007585355617406247,0.007823857721205328,0.004797699870937777,0.007737174307185149
2025-06-24,0.01529195825703722,0.01719649112030659,0.01691345374594927,0.022965172615964105,0.010348555016287573
2025-06-25,0.002556406607959083,-0.004124985762318741,-0.004503182658525393,0.004775322641154464,-0.006856749013060919
2025-06-26,0.009350343290254415,0.007667114188616839,0.0077076514042969555,0.00824392726649693,0.007786089686435655
2025-06-27,0.003423728042746488,0.0017567299474005613,0.0019288756616935357,-0.0033277415681806743,0.0010688529409873004
2025-06-30,0.0064769153004342606,0.006129282085897305,0.006538546072300317,0.0007671123406573592,0.01075066066885426
2025-07-01,-0.008429359045287077,0.00022819256079595243,0.0007377536492829068,-0.010146302942807533,-0.005526925568700812
2025-07-02,0.00696522109814679,0.003955974744690459,0.0039732928386883234,0.011531636272404652,0.008064189745656857
2025-07-07,0.0022333285715649964,-0.00036056375407104367,-0.0002461047672615643,-0.00591065606563348,-0.008058867794087267
2025-07-08,0.0005614937018163513,0.005390732709126272,0.005520425538783972,0.016916063948012955,0.006421089930273567
2025-07-09,0.007078981180577593,0.002108881825118068,0.0020660889724397704,-8.519611484299127e-05,0.000646428655520434
2025-07-10,-0.0014381827793369384,-0.003697846931278137,-0.0036195406738364798,0.006630584676964402,-0.00020814105402412134
2025-07-11,-0.0022504314979336915,-0.0068031691500982875,-0.007000123806175032,-0.00031179995678206794,-0.007015634457654889
2025-07-14,0.0036269176642658163,0.004523588720318659,0.0046257166057628585,0.0022274378481070144,0.008319435509727675
2025-07-15,0.0009167630015836092,-0.0070920074870633,-0.007213996959765208,0.0029089250959354047,-0.008961430013235044
2025-07-16,0.0010238470867451888,0.002312539574886032,0.002247616086449061,0.0038480787021275328,-0.0008409831109840588
2025-07-17,0.008092810856346722,0.008409423818714653,0.008359280953381235,0.01056410139391736,0.008067646229400082
2025-07-18,-0.0009612239890403051,4.2947158530139707e-05,0.00025421965075803803,-0.005038383056840065,0.002210052130152817
2025-07-21,0.005184767786480915,0.0028076732620001166,0.0027765888685618587,0.002670979665309076,0.0022830424409359708
2025-07-22,-0.005175810544403081,0.004437694082968328,0.00463336184657801,-0.001332770398207481,0.002892826060908183
2025-07-23,0.004561403929531416,0.0036872985899980833,0.0036423880421292093,0.003654579535181476,0.005127668118714876
2025-07-24,0.0021282933771897827,-0.0016279612163013963,-0.001747743387681686,0.0029110046165633065,-0.0025442945250128616
2025-07-25,0.0024070586551074857,0.00227270309497152,0.0019941359275795364,0.002524251336678572,0.00516626785673442
2025-07-28,0.003125075958207768,0.000983614644768114,0.0007757931133460678,0.00017699840576129356,0.004388880624595966
2025-07-29,-0.0015488393235895126,-0.001476674824102295,-0.0017224578178962637,0.007617470124070589,-0.0027643864350744476
2025-07-30,0.0013398364260559514,-0.0035156591286319623,-0.0038731342886383813,0.0034877041178091104,-0.004757634373417533
2025-07-31,-0.005299178571309349,-0.017116624232242614,-0.017151701741137153,-0.018652128064113763,-0.016797596196165387
2025-08-01,-0.01969872349438906,-0.015518242086534384,-0.015238886741640357,-0.0248725814595257,-0.01871440739439991
2025-08-04,0.018451496636490816,0.014392762023451166,0.014420881562647241,0.02340751062052086,0.01771597230107863
2025-08-05,-0.006789424264501687,-0.007744965060920026,-0.007580964390185579,-0.007901303248261118,0.002439370573007753
2025-08-06,0.012583218785727324,0.003016727432631269,0.003098447984301504,0.004316898553060229,-4.1171060158049714e-05
2025-08-07,0.00338428745865893,-0.00469104157998112,-0.004808468581157073,0.004373041980693528,-0.008107648003010249
2025-08-08,0.009328174923325827,0.0038536666294880662,0.0035311766885238556,0.0025328125133928293,-0.004015126032004312
2025-08-11,-0.0029588640688156254,-0.005448537594292221,-0.005699094505085712,-0.002996077218386967,-0.004731677799581209
2025-08-12,0.012568779990863588,0.01317967783045097,0.013524659821505412,0.0030987464780580887,0.01768589721866429
2025-08-13,0.0004999831229326457,0.009144279701889335,0.009614674471730039,0.0007669139407833018,0.011646540899543393
2025-08-14,-0.0007753245630496286,-0.0057181017116055095,-0.0058408823795570745,-0.005629027558421056,-0.006712126223435536
2025-08-15,-0.004397372106710207,-0.001836262018454895,-0.0012727734566764194,-0.011316411544770824,-7.852586690387467e-05
2025-08-18,-0.00039857868177384237,0.0004897526863205907,0.0007371289545710874,-0.009442816442358889,-0.0014512603808417225
2025-08-19,-0.013567468608822408,-0.00499172731920321,-0.004980566021720353,-0.014094131408384988,-0.00456464112923605
2025-08-20,-0.005937364847378057,-0.0026887049755915248,-0.002316010473110738,-0.009431114052221733,-0.005481709272019939
2025-08-21,-0.0046296631665966315,-0.0039851301970969194,-0.004010121771592239,-0.004674954012276266,-0.0038203647500093733
2025-08-22,0.015427374041043773,0.017563095580573004,0.017546856812195928,0.015456774554672259,0.0197629794746266
2025-08-25,-0.002884814619531939,-0.008833359068579093,-0.009040499905996674,-0.0046477519993059525,-0.007032716373815538
2025-08-26,0.004015322766916629,0.0001249462437046121,-8.821748127931145e-06,0.0007286785307512088,0.004430333642300752
2025-08-27,0.0015368553031980259,0.0074084766122417016,0.007794064610102098,-0.0001446797635263623,0.004843128008314246
2025-08-28,0.0062599326754508855,0.00414919868442827,0.003936333962904697,0.005341451059165042,0.011677478006215311
2025-08-29,-0.011575440857976016,-0.007937993969607383,-0.0077513871109938645,-0.011320040454327456,-0.008395848917832448
2025-09-02,-0.008380278381507678,-0.007766183293416816,-0.00783125652977143,-0.0049720879840739985,-0.008449955969438126
2025-09-03,0.00786761737495989,-0.0003604896282053209,-0.00033337524092717563,0.007502651349202423,-0.006782415625229597
2025-09-04,0.009051423988817309,0.007637762224313034,0.007625465793443364,0.010795497025651427,0.0056815213573506215
2025-09-05,0.0014429547833749723,0.0013814819505118666,0.0013826242761928729,0.0009038267754290181,0.003229609671205362
2025-09-08,0.0048779047462865766,0.0038145202909042213,0.0037447374656939337,0.010247379078655978,0.003805469361535164
2025-09-09,0.0028331998384107937,0.001434859215830762,0.001328108198897508,0.004657510408601162,0.0005539851992118993
2025-09-10,0.00032726103383495797,-0.005915209627686818,-0.006021490145887699,0.002082701918036777,-0.005763789844164383
2025-09-11,0.005820601196256048,0.013421819129148044,0.013558954545693723,0.022736780576086826,0.00474324593563876
2025-09-12,0.004417051541102168,-0.0016278472653863652,-0.0026916060061462094,0.009542571550756579,-0.006598808728784148
2025-09-15,0.008557048327277883,0.003861713696960559,0.003117218968211095,0.01792991351966253,0.004426718158075759
2025-09-16,-0.0008451562660121148,0.00010648209602293558,0.0005322860543228957,-0.0016364783046186535,0.0050587172426565085
2025-09-17,-0.0019959164697831433,0.003311390546579562,0.0035599945042990803,-0.0008294436131943904,0.004745722803688508
2025-09-18,0.009016956752725847,0.012130210804004447,0.01190673565830481,0.01694764285383206,0.014091613505794558
2025-09-19,0.006769344739967931,0.0006878075134121826,0.0005395510533095612,0.003572104670276358,-0.002619978876009032
2025-09-22,0.005920011498854905,0.0030773187365929575,0.0028380497610162123,0.0073823620610679475,-0.0015809451459545408
2025-09-23,-0.006642243475046938,-0.0022649127413572343,-0.002259052376544735,-0.0026170093938803927,-0.002328818045080886
2025-09-24,-0.0035106205389333622,-0.002017917629345158,-0.0020713697531330485,-0.0028920054605012764,0.007735943367510624
2025-09-25,-0.004311285650355434,-0.0055568716992868685,-0.0057016001651928215,-0.0025992005136219933,-0.008390203130877523
2025-09-26,0.00411094326404049,0.010184933973319876,0.01024143736251308,0.008378163634147784,0.007254018180061173
2025-09-29,0.0046311412201716085,0.004637844603255343,0.004623371403812627,0.007872015139828365,0.0031280927410274645
2025-09-30,0.0027391121948929786,-0.0003186853591149777,-0.0005947074609334533,0.002509575407821776,-0.0008957705226862133
2025-10-01,0.0047970211135095475,0.006216259480796862,0.004940498078366152,0.021798075275489867,0.007178003058005504
2025-10-02,0.004111061470398525,0.005686991833623874,0.005727149789504581,0.006221142780232602,0.007777677898238088
2025-10-03,-0.004209752096300146,-0.0016633747515749173,-0.0016157558376420802,-0.00781917662115685,-0.002083036010712022
2025-10-06,0.007510193991054459,0.004164026442301912,0.004165184046295376,0.005824630083833133,0.0039059638904124987
2025-10-07,-0.0052656354759481605,-0.007607605255347477,-0.007427702401116071,-0.015517309724956897,-0.0003272506756252889
2025-10-08,0.011463827502024904,0.010267228387317702,0.009846697870726723,0.02009747181934771,0.0194742400662179
2025-10-09,-0.0012103017478460876,-0.005408894765936956,-0.005467435592473511,-0.005277129886895458,-0.00549500259436925
2025-10-10,-0.034714276250361054,-0.030840870578150374,-0.03038022638379977,-0.04858578904640008,-0.03617380682197828
2025-10-13,0.02122136359960769,0.01715025187239081,0.017424621644350248,0.019486367721886222,0.02231985304002659
2025-10-14,-0.006660988524603506,0.0012676650192129893,0.001430134771527638,-0.007413289978462138,-0.005073592712001581
2025-10-15,0.007056803636168452,0.0027194737796234756,0.0023858929079172394,0.019565279811797134,0.0015149750109660607
2025-10-16,-0.003702934704380212,-0.005563802793192338,-0.005580671510617787,-0.006088115672349389,-0.006880620431587153
2025-10-17,0.006566786726718066,0.006434386303083157,0.006678133844115392,-0.0006273095111334155,0.0018647109461646172
2025-10-20,0.01260071663217488,0.013152910250912959,0.013115825324053379,0.0069942452948309275,0.012612179594557809
2025-10-21,-0.0002615279669033743,0.005496226192201226,0.005804502794393664,-0.006366050130344932,0.005230749475216137
2025-10-22,-0.009633983978945992,-0.00904276975480698,-0.008823075500581909,-0.017060799820946364,-0.008457725120032586
2025-10-23,0.008406490261045452,0.007407753852388378,0.007439764781614819,0.013657865488152083,0.010231245775769011
2025-10-24,0.010678248172756977,0.0045620750373717945,0.004275940748689773,0.015216908162150416,0.002427156100511166
2025-10-27,0.017809259983306847,0.011892402101309853,0.011669486381556486,0.012986447542345387,0.014324903193052305
2025-10-28,0.007689893130412795,-0.0029365418446420893,-0.0029142379086369028,-0.00517327885349288,-0.0010854096904879644
2025-10-29,0.0045030048033982695,-0.008899336726239477,-0.009668711729738906,0.0041681100202769035,-0.01132457400860506
2025-10-30,-0.015288588840218331,-0.00650837620919798,-0.0062594797587423295,-0.011429609219750631,-0.01227412834466308
2025-10-31,0.004823894560769926,0.00511951049856198,0.005355935217991393,0.00026834242136356803,0.005607070982619709
2025-11-03,0.004784803808179916,0.0006011386976063506,-0.00011564241617413652,0.011888714365374323,-6.97328171425488e-05
2025-11-04,-0.02029804094164056,-0.014438305366237749,-0.014407351861122865,-0.03320456535716976,-0.01884027292305527
2025-11-05,0.0065079158770231516,0.009819015369574403,0.009943040622017668,0.013195061231421161,0.017076877855476857
2025-11-06,-0.018627312554173714,-0.01171235293114831,-0.011718867593681648,-0.015047346648891808,-0.01401735403845135
2025-11-07,-0.0031553529497220234,-0.005064402052837843,-0.005084240547613549,-0.006575870712656428,-0.006810485352495136
2025-11-10,0.02212420912838109,0.01137664992088576,0.011519759716813014,0.021476886801285913,0.01317916399863587
2025-11-11,-0.002663499728031149,0.001838480446057057,0.0017716447697856592,-0.006631148938025576,-0.013837482429361607
2025-11-12,-0.0007883430627531052,-0.0004791442478395676,-0.0004514468592243814,-0.003472262351578738,-0.0061327878085176615
2025-11-13,-0.020415970943100548,-0.013140647623513142,-0.013602502850436666,-0.018436761391689985,-0.022368925866788007
2025-11-14,0.000755986820957899,0.00012866085812950653,0.0002302431894154828,0.00700660721062137,0.002321587852749909
2025-11-17,-0.008540533986380883,-0.018735432417651,-0.019082748618926067,-0.01930126453710603,-0.02714986591197216
2025-11-18,-0.012175682873204807,0.004265557927911455,0.004275343019647367,0.007972631749678027,0.00011550870025819996
2025-11-19,0.00597005013235119,-0.006060912326810477,-0.006153694174449196,-0.0032043434609367845,-0.0068696468979637946
2025-11-20,-0.02367185214103551,-0.009544061963363678,-0.009984527832672965,-0.014639548413183105,-0.011195149628364017
2025-11-21,0.007512780084459658,0.01191487731860697,0.011254827234707587,0.01518901756717676,0.00199783174359224
2025-11-24,0.02557319233119082,0.006195150698525156,0.007052798344403425,0.00332645885905408,0.007869796116839469
2025-11-25,0.006163691379971414,0.009148681572420811,0.008549346980036636,0.014246549204711125,0.006347571753726781
2025-11-26,0.008835800725809806,0.009878351330023363,0.01032138736176698,0.007961561776965527,0.013814769383715115
2025-12-01,0.004721004850142929,0.0035333900767885317,0.003818635291105196,-0.00606962590227077,0.0034965319198128337
2025-12-02,0.00782605526928104,0.013047777320437869,0.013075656076152166,0.005604419119474397,0.01626882397088719
2025-12-03,0.002443765729801317,0.008082546596428531,0.007966971084058593,0.005044031887648426,0.0069299126176436835
2025-12-04,-0.0009302524345002894,-0.0017990413129630183,-0.0018317933550539961,-0.010759460356532823,-0.004968728500763517
2025-12-05,0.004077457766594739,0.008365105319124561,0.008194226910393598,0.010376279541257012,0.009240771817274
2025-12-08,-0.001918477552493636,-0.007600489792148324,-0.0076449892797194165,-0.008733992874349396,-0.009612451297490906
2025-12-09,0.0012333770890635698,0.0011564189548603993,0.0009480043694239076,0.0003940301277747548,0.008967523021510486
2025-12-10,0.00409566545250617,0.00894175922423182,0.008627033156741926,0.013281093197336117,0.013717973981220408
2025-12-11,-0.0032344222925078103,-0.0010691778823867222,-0.0009189360052811407,0.001415156805729114,-0.008362637880504939
2025-12-12,-0.01911830575749185,-0.008704550366135929,-0.008315179592775085,-0.02104843878415384,-0.013815696335177735
2025-12-15,-0.005019414151365642,-0.0017879657999309686,-0.0018703521828205962,0.0005294774764456796,-0.016535330217010213
2025-12-16,0.001981839031308219,-0.006896429309664019,-0.006902772111511177,-0.012002432108687825,-0.003917450206236147
2025-12-17,-0.01853703515928795,-0.005970100398093848,-0.005888125205482659,-0.010125122021328647,-0.007517408324779634
2025-12-18,0.014490161748346608,0.005369743783920446,0.00540277788243938,0.007190731383173078,0.01129315969513099
2025-12-19,0.013035355219223943,0.010653561827924657,0.010826854770974541,0.010858602517372376,0.01981609159087514
2025-12-22,0.004793528365299782,0.0034829569358052746,0.0032099750615649037,0.01396240952446642,0.0061760478502314005
2025-12-23,0.004683327588380415,-0.002447626696000527,-0.0023673682105841707,-0.003938451674965765,-0.006603511148479883
2025-12-26,0.002861277489171199,0.0019908916214212303,0.0021539491742916406,-0.0027736638790172067,-0.0004258588539991253
2025-12-29,-0.004840628092039223,-0.0012783166241265886,-0.0010479444059518078,-0.007208164320872018,-0.0026469210145852583
2025-12-30,-0.0023193300573890463,-0.0010345521634458818,-0.0009522858051534675,-0.002318331932769505,-0.002832190675786107
2025-12-31,-0.008265655808932348,-0.007645254231299129,-0.007523535517021188,-0.010845593781506761,-0.010602603475541103
2026-01-02,-0.0019371366999325623,-0.0007293607018686,-0.0006526673214795023,0.0016649963065884607,0.016501233162365608
2026-01-05,0.007942972266394177,0.007627486216697782,0.007635624788603138,0.01143097608559822,0.006704059324882285
2026-01-06,0.008786538231342345,0.01535856204967726,0.015237861560557323,0.03930987708969493,0.01049091203951124
2026-01-07,0.0009624917993369397,0.001206518319261524,0.001555698771237301,-0.011158349873195158,-0.005889266889166474
2026-01-08,-0.005688998296547787,-0.007499194538888413,-0.007012060966444807,-0.025307890773521198,-0.003388809486495048
2026-01-09,0.009960278502977538,0.009417942944137418,0.009351768540951516,0.028772341878973626,0.01708366411004263
2026-01-12,0.0008297430397132821,-0.0008447697122858225,-0.000872145640824687,0.001540412896379472,-0.0031412264981015166
2026-01-13,-0.001482839901657873,-0.0028111661532802647,-0.0028830912236467465,0.001734871956430669,-0.003387956207996758
2026-01-14,-0.01068280937936028,-0.008637234790123016,-0.008716209729548247,-0.01212405902395533,-0.012096091746968216
2026-01-15,0.0035994537129284687,0.007821076734459849,0.007233887439100756,0.02934712842265432,0.005667045920896108
2026-01-16,-0.0008363400346551586,-0.0018273355834220327,-0.002340839333104157,0.008020896737554533,0.002927596226749274
2026-01-20,-0.0212471622179754,-0.015254639483711198,-0.015226016159051703,-0.012421566140638683,-0.011620874315008647
2026-01-21,0.013518455039445598,0.020498777647101913,0.019745247915165236,0.04111994697242979,0.03257454676346148
2026-01-22,0.007269390951806898,0.0020319164009480455,0.002587800199192325,-0.005925145364887613,0.004395140463435839
2026-01-23,0.0031573569602849627,-0.0019296591862321341,-0.001194259697874518,-0.01203296772528313,-0.007029190613543608
2026-01-26,0.004400133926068639,0.006648700805793612,0.0069965115880548205,0.0009219919217400324,0.000808179251299305
2026-01-27,0.009065300276544397,0.004331208536971469,0.003376337632337344,0.02302176058722352,0.014427344531610015
2026-01-28,0.003311466423943088,0.002795457798020596,0.001327971493900062,0.03324799996203359,0.004064314199749471
2026-01-29,-0.00598524715374249,-0.015190999198009111,-0.015975507104330634,-0.0013471205956555455,-0.030330015042529416
2026-01-30,-0.012010863235886293,-0.01258258203812209,-0.010229525782818114,-0.043239878091023594,-0.01083556031192118
2026-02-02,0.006866418326623602,0.0067559359899745635,0.005333661312838445,0.027163237219769407,0.018675157176259553
2026-02-03,-0.015363967949866497,-0.023220273773176252,-0.023179643466970126,-0.004691466866304206,-0.02045228552829761
2026-02-04,-0.017469050785145046,0.0028763168389382998,0.0028699040238144968,0.001342880841824354,0.0012691831713781223
